<?xml version="1.0" encoding="ISO-8859-1"?>
<root>
	<item id="Title"><![CDATA[Discuz! Plugin]]></item>
	<item id="Version"><![CDATA[X1]]></item>
	<item id="Time"><![CDATA[2010-08-25 10:56]]></item>
	<item id="From"><![CDATA[KK &#25554;&#20214;&#28436;&#31034;&#31449; (http://demo.kookxiang.com/)]]></item>
	<item id="Data">
		<item id="plugin">
			<item id="available"><![CDATA[1]]></item>
			<item id="adminid"><![CDATA[1]]></item>
			<item id="name"><![CDATA[[DSU] VIP&#20013;&#24515;]]></item>
			<item id="identifier"><![CDATA[dsu_kkvip]]></item>
			<item id="description"><![CDATA[]]></item>
			<item id="datatables"><![CDATA[]]></item>
			<item id="directory"><![CDATA[dsu_kkvip/]]></item>
			<item id="copyright"><![CDATA[kookxiang @ DSU.Team]]></item>
			<item id="version"><![CDATA[0.5]]></item>
			<item id="__modules">
				<item id="0">
					<item id="name"><![CDATA[vip]]></item>
					<item id="menu"><![CDATA[]]></item>
					<item id="url"><![CDATA[]]></item>
					<item id="type"><![CDATA[11]]></item>
					<item id="adminid"><![CDATA[0]]></item>
					<item id="displayorder"><![CDATA[-1]]></item>
				</item>
				<item id="1">
					<item id="name"><![CDATA[main]]></item>
					<item id="menu"><![CDATA[&#20250;&#21592;/VIP]]></item>
					<item id="url"><![CDATA[vip.php]]></item>
					<item id="type"><![CDATA[1]]></item>
					<item id="adminid"><![CDATA[0]]></item>
					<item id="displayorder"><![CDATA[0]]></item>
				</item>
				<item id="2">
					<item id="name"><![CDATA[edit_group]]></item>
					<item id="menu"><![CDATA[VIP&#26435;&#38480;]]></item>
					<item id="url"><![CDATA[]]></item>
					<item id="type"><![CDATA[3]]></item>
					<item id="adminid"><![CDATA[0]]></item>
					<item id="displayorder"><![CDATA[0]]></item>
				</item>
				<item id="3">
					<item id="name"><![CDATA[tools]]></item>
					<item id="menu"><![CDATA[&#31649;&#29702;&#24037;&#20855;]]></item>
					<item id="url"><![CDATA[]]></item>
					<item id="type"><![CDATA[3]]></item>
					<item id="adminid"><![CDATA[0]]></item>
					<item id="displayorder"><![CDATA[1]]></item>
				</item>
				<item id="4">
					<item id="name"><![CDATA[discount]]></item>
					<item id="menu"><![CDATA[&#25269;&#20215;&#21048;]]></item>
					<item id="url"><![CDATA[]]></item>
					<item id="type"><![CDATA[3]]></item>
					<item id="adminid"><![CDATA[0]]></item>
					<item id="displayorder"><![CDATA[2]]></item>
				</item>
				<item id="5">
					<item id="name"><![CDATA[check]]></item>
					<item id="menu"><![CDATA[&#36807;&#26399;&#26816;&#26597;]]></item>
					<item id="url"><![CDATA[]]></item>
					<item id="type"><![CDATA[3]]></item>
					<item id="adminid"><![CDATA[0]]></item>
					<item id="displayorder"><![CDATA[3]]></item>
				</item>
				<item id="6">
					<item id="name"><![CDATA[plugin]]></item>
					<item id="menu"><![CDATA[&#25509;&#21475;&#35774;&#23450;]]></item>
					<item id="url"><![CDATA[]]></item>
					<item id="type"><![CDATA[3]]></item>
					<item id="adminid"><![CDATA[0]]></item>
					<item id="displayorder"><![CDATA[4]]></item>
				</item>
			</item>
		</item>
		<item id="version"><![CDATA[X1]]></item>
		<item id="var">
			<item id="0">
				<item id="displayorder"><![CDATA[92]]></item>
				<item id="title"><![CDATA[&#32493;&#36153;&#25240;&#25187;]]></item>
				<item id="description"><![CDATA[&#26080;&#38656;&#36755;&#20837;&#23567;&#25968;&#28857;&#65292;&#20363;&#22914;&#65306;8&#25240;&#36755;&#20837;8&#65292;75&#25240;&#36755;&#20837;75]]></item>
				<item id="variable"><![CDATA[vip_discount2]]></item>
				<item id="type"><![CDATA[number]]></item>
				<item id="value"><![CDATA[65]]></item>
				<item id="extra"><![CDATA[]]></item>
			</item>
			<item id="1">
				<item id="displayorder"><![CDATA[91]]></item>
				<item id="title"><![CDATA[&#36141;&#20080;VIP&#25240;&#25187;]]></item>
				<item id="description"><![CDATA[&#26080;&#38656;&#36755;&#20837;&#23567;&#25968;&#28857;&#65292;&#20363;&#22914;&#65306;8&#25240;&#36755;&#20837;8&#65292;75&#25240;&#36755;&#20837;75]]></item>
				<item id="variable"><![CDATA[vip_discount]]></item>
				<item id="type"><![CDATA[number]]></item>
				<item id="value"><![CDATA[65]]></item>
				<item id="extra"><![CDATA[]]></item>
			</item>
			<item id="2">
				<item id="displayorder"><![CDATA[90]]></item>
				<item id="title"><![CDATA[&#36141;&#20080;VIP&#25240;&#25187;&#29992;&#25143;&#32452;]]></item>
				<item id="description"><![CDATA[]]></item>
				<item id="variable"><![CDATA[vip_discount_group]]></item>
				<item id="type"><![CDATA[groups]]></item>
				<item id="extra"><![CDATA[]]></item>
				<item id="__value">
					<item id="0"><![CDATA[1]]></item>
					<item id="1"><![CDATA[2]]></item>
					<item id="2"><![CDATA[3]]></item>
				</item>
			</item>
			<item id="3">
				<item id="displayorder"><![CDATA[3]]></item>
				<item id="title"><![CDATA[&#28040;&#32791;&#31215;&#20998;&#31867;&#22411;]]></item>
				<item id="description"><![CDATA[]]></item>
				<item id="variable"><![CDATA[vip_creditid]]></item>
				<item id="type"><![CDATA[extcredit]]></item>
				<item id="value"><![CDATA[2]]></item>
				<item id="extra"><![CDATA[]]></item>
			</item>
			<item id="4">
				<item id="displayorder"><![CDATA[6]]></item>
				<item id="title"><![CDATA[&#26159;&#21542;&#24320;&#21551;&#20250;&#21592;&#21435;&#24191;&#21578;]]></item>
				<item id="description"><![CDATA[]]></item>
				<item id="variable"><![CDATA[vip_noad]]></item>
				<item id="type"><![CDATA[radio]]></item>
				<item id="value"><![CDATA[1]]></item>
				<item id="extra"><![CDATA[]]></item>
			</item>
			<item id="5">
				<item id="displayorder"><![CDATA[11]]></item>
				<item id="title"><![CDATA[VIP&#29305;&#26435;&#20171;&#32461;]]></item>
				<item id="description"><![CDATA[]]></item>
				<item id="variable"><![CDATA[vip_intro]]></item>
				<item id="type"><![CDATA[textarea]]></item>
				<item id="value"><![CDATA[&#23631;&#34109;&#24191;&#21578;
&#20813;&#36153;&#19979;&#36733;&#35770;&#22363;&#38468;&#20214;
&#20813;&#36153;&#19979;&#36733;&#25910;&#36153;&#38468;&#20214;
&#24086;&#23376;&#19981;&#29992;&#36141;&#20080;&#21363;&#21487;&#26597;&#30475;
VIP&#24086;&#23376;&#39640;&#20142;
&#24086;&#20869;&#32418;&#21517;&#29305;&#25928;
&#21457;&#24086;&#20813;&#23457;&#26680;]]></item>
				<item id="extra"><![CDATA[]]></item>
			</item>
			<item id="6">
				<item id="displayorder"><![CDATA[7]]></item>
				<item id="title"><![CDATA[&#26159;&#21542;&#24320;&#21551;&#24086;&#20869;VIP&#32418;&#21517;&#26174;&#31034;]]></item>
				<item id="description"><![CDATA[]]></item>
				<item id="variable"><![CDATA[vip_redname]]></item>
				<item id="type"><![CDATA[radio]]></item>
				<item id="value"><![CDATA[1]]></item>
				<item id="extra"><![CDATA[]]></item>
			</item>
			<item id="7">
				<item id="displayorder"><![CDATA[2]]></item>
				<item id="title"><![CDATA[VIP&#27599;&#26376;&#28040;&#32791;&#31215;&#20998;]]></item>
				<item id="description"><![CDATA[]]></item>
				<item id="variable"><![CDATA[vip_cost]]></item>
				<item id="type"><![CDATA[number]]></item>
				<item id="value"><![CDATA[30]]></item>
				<item id="extra"><![CDATA[]]></item>
			</item>
			<item id="8">
				<item id="displayorder"><![CDATA[1]]></item>
				<item id="title"><![CDATA[VIP&#29992;&#25143;&#32452;]]></item>
				<item id="description"><![CDATA[]]></item>
				<item id="variable"><![CDATA[vip_group]]></item>
				<item id="type"><![CDATA[group]]></item>
				<item id="value"><![CDATA[20]]></item>
				<item id="extra"><![CDATA[]]></item>
			</item>
			<item id="9">
				<item id="displayorder"><![CDATA[12]]></item>
				<item id="title"><![CDATA[&#20250;&#21592;&#27599;&#22825;&#25104;&#38271;&#20540;]]></item>
				<item id="description"><![CDATA[]]></item>
				<item id="variable"><![CDATA[vip_czzday]]></item>
				<item id="type"><![CDATA[number]]></item>
				<item id="value"><![CDATA[50]]></item>
				<item id="extra"><![CDATA[]]></item>
			</item>
			<item id="10">
				<item id="displayorder"><![CDATA[13]]></item>
				<item id="title"><![CDATA[&#20250;&#21592;&#36807;&#26399;&#21518;&#27599;&#22825;&#25187;&#38500;&#25104;&#38271;&#20540;]]></item>
				<item id="description"><![CDATA[]]></item>
				<item id="variable"><![CDATA[vip_czzday2]]></item>
				<item id="type"><![CDATA[number]]></item>
				<item id="value"><![CDATA[10]]></item>
				<item id="extra"><![CDATA[]]></item>
			</item>
			<item id="11">
				<item id="displayorder"><![CDATA[9]]></item>
				<item id="title"><![CDATA[&#26159;&#21542;&#24320;&#21551;VIP&#24086;&#23376;&#21152;&#31895;&#39640;&#20142;]]></item>
				<item id="description"><![CDATA[]]></item>
				<item id="variable"><![CDATA[vip_threadblod]]></item>
				<item id="type"><![CDATA[radio]]></item>
				<item id="value"><![CDATA[1]]></item>
				<item id="extra"><![CDATA[]]></item>
			</item>
			<item id="12">
				<item id="displayorder"><![CDATA[10]]></item>
				<item id="title"><![CDATA[&#39640;&#20142;&#39068;&#33394;]]></item>
				<item id="description"><![CDATA[]]></item>
				<item id="variable"><![CDATA[vip_threadblod_color]]></item>
				<item id="type"><![CDATA[color]]></item>
				<item id="value"><![CDATA[blue]]></item>
				<item id="extra"><![CDATA[]]></item>
			</item>
			<item id="13">
				<item id="displayorder"><![CDATA[8]]></item>
				<item id="title"><![CDATA[&#24086;&#23376;&#24038;&#20391;&#26159;&#21542;&#26174;&#31034;VIP&#25104;&#38271;&#20540;]]></item>
				<item id="description"><![CDATA[]]></item>
				<item id="variable"><![CDATA[show_vip_czz]]></item>
				<item id="type"><![CDATA[radio]]></item>
				<item id="value"><![CDATA[1]]></item>
				<item id="extra"><![CDATA[]]></item>
			</item>
			<item id="14">
				<item id="displayorder"><![CDATA[4]]></item>
				<item id="title"><![CDATA[&#25903;&#20184;&#20013;&#24515;&#26174;&#31034;&#24555;&#36895;&#20805;&#20540;&#25353;&#38062;]]></item>
				<item id="description"><![CDATA[&#35201;&#27714;&#65306;&#20132;&#26131;&#31215;&#20998;&#23601;&#26159;VIP&#28040;&#32791;&#31215;&#20998;&#65292;&#31449;&#28857;&#24320;&#36890;&ldquo;&#30005;&#23376;&#21830;&#21153;&rdquo;&#21151;&#33021;&#65292;&#25903;&#25345;&#31215;&#20998;&#20805;&#20540;&#12290;]]></item>
				<item id="variable"><![CDATA[show_buy_btn]]></item>
				<item id="type"><![CDATA[radio]]></item>
				<item id="value"><![CDATA[1]]></item>
				<item id="extra"><![CDATA[]]></item>
			</item>
			<item id="15">
				<item id="displayorder"><![CDATA[5]]></item>
				<item id="title"><![CDATA[&#26159;&#21542;&#24320;&#21551;&#25240;&#25187;&#31995;&#32479;]]></item>
				<item id="description"><![CDATA[]]></item>
				<item id="variable"><![CDATA[discount_code]]></item>
				<item id="type"><![CDATA[radio]]></item>
				<item id="value"><![CDATA[0]]></item>
				<item id="extra"><![CDATA[]]></item>
			</item>
		</item>
		<item id="language">
			<item id="scriptlang">
				<item id="buy_succeed"><![CDATA[&#25104;&#21151;&#36141;&#20080;&#20102; {month} &#20010;&#26376;&#30340; VIP &#26381;&#21153;&#65281;]]></item>
				<item id="give_succeed"><![CDATA[&#25104;&#21151;&#36141;&#20080;&#20102; {month} &#20010;&#26376;&#30340; VIP &#26381;&#21153;&#32473;&#29992;&#25143;&ldquo;{giveto}&rdquo;&#65281;]]></item>
				<item id="buy_nomoney"><![CDATA[&#23545;&#19981;&#36215;&#65292;&#24744;&#30340;&#31215;&#20998;&#19981;&#36275;&#65281;]]></item>
				<item id="jumping"><![CDATA[</h4><h4 class="infotitle1">&#27491;&#22312;&#22788;&#29702;&#25968;&#25454;&#65292;&#35831;&#31245;&#20505;...</h4><img src="static/image/admincp/ajax_loader.gif" class="marginbot" />]]></item>
				<item id="check_succeed"><![CDATA[&#26816;&#26597;&#23436;&#25104;&#65281;<br>&#20849;&#22788;&#29702;&#20102; {sum} &#20010;&#21040;&#26399;&#30340; VIP&#12290;]]></item>
				<item id="vip_level"><![CDATA[VIP&#31561;&#32423;]]></item>
				<item id="vip_czz"><![CDATA[&#25104;&#38271;&#20540;]]></item>
				<item id="no_time"><![CDATA[&#31649;&#29702;&#21592;&#25163;&#21160;&#24320;&#36890;]]></item>
				<item id="saved_1"><![CDATA[&#20445;&#23384;&#25104;&#21151;&#65281;&#24403;&#21069;&#29366;&#24577;&#65306;VIP&#21151;&#33021;&#24320;&#21551;]]></item>
				<item id="saved_0"><![CDATA[&#20445;&#23384;&#25104;&#21151;&#65281;&#24403;&#21069;&#29366;&#24577;&#65306;VIP&#21151;&#33021;&#20851;&#38381;]]></item>
				<item id="usevip_yes"><![CDATA[&#24403;&#21069;&#29366;&#24577;&#65306;VIP&#21151;&#33021;&#24320;&#21551;]]></item>
				<item id="usevip_no"><![CDATA[&#24403;&#21069;&#29366;&#24577;&#65306;VIP&#21151;&#33021;&#20851;&#38381;]]></item>
				<item id="uid_not_exists"><![CDATA[&#25214;&#19981;&#21040;&#35813;&#29992;&#25143;&#65281;]]></item>
				<item id="uid_not_exists_return"><![CDATA[&#25214;&#19981;&#21040;&#35813;&#29992;&#25143;&#65292;&#35831;&#36820;&#22238;&#20462;&#25913;&#65281;]]></item>
				<item id="notification_1"><![CDATA[&#30001;&#20110;&#24744;&#26159;&#20170;&#22825;&#31532;&#19968;&#20010;&#31614;&#21040;&#30340;&#65292;&#31995;&#32479;&#36192;&#36865;&#24744; {days} &#22825; VIP &#26381;&#21153;&#20307;&#39564;&#26399;&#65292;&#20307;&#39564;&#26399;&#36807;&#65292;&#27426;&#36814;&#32493;&#36153;&#65281;]]></item>
				<item id="notification_2"><![CDATA[&#30001;&#20110;&#24744;&#26159;&#20170;&#22825;&#31532; {num} &#20010;&#31614;&#21040;&#30340;&#65292;&#31995;&#32479;&#36192;&#36865;&#24744; VIP &#25104;&#38271;&#20540; {czz} &#65292;&#24863;&#35874;&#24744;&#20351;&#29992; VIP &#26381;&#21153;&#65281;]]></item>
				<item id="notification_give"><![CDATA[&#24744;&#30340;&#26379;&#21451; {username} &#24110;&#24744;&#24320;&#36890;&#20102; {month} &#20010;&#26376;&#30340; VIP &#26381;&#21153;&#65292;&#36824;&#19981;&#24555;&#24863;&#35874;&#20182;&#65311;]]></item>
				<item id="plugin_inc_php_1"><![CDATA[&#20445;&#23384;&#25104;&#21151;&#65281;]]></item>
				<item id="plugin_inc_php_2"><![CDATA[&#20351;&#29992;&#27492;&#25509;&#21475;]]></item>
				<item id="plugin_inc_php_3"><![CDATA[&#31614;&#21040;&#31532;&#19968;&#21517;&#36192;&#36865; VIP &#22825;&#25968;]]></item>
				<item id="plugin_inc_php_4"><![CDATA[&#21069;&#20960;&#27004;&#36192;&#36865;&#25104;&#38271;&#20540;]]></item>
				<item id="plugin_inc_php_5"><![CDATA[&#36192;&#36865;&#25104;&#38271;&#20540;&#25968;&#39069;]]></item>
				<item id="plugin_inc_php_6"><![CDATA[&#25509;&#21475;&#35774;&#23450; - [DSU] &#27599;&#26085;&#31614;&#21040;]]></item>
				<item id="plugin_inc_php_7"><![CDATA[&#27979;&#35797;&#19979;]]></item>
				<item id="tools_inc_php_1"><![CDATA[&#24320;&#36890; VIP &#25104;&#21151;&#65292;&#35831;&#36820;&#22238;&#36827;&#34892;&#20854;&#20182;&#25805;&#20316;]]></item>
				<item id="tools_inc_php_2"><![CDATA[&#28155;&#21152;&#25104;&#38271;&#20540;&#25104;&#21151;&#65292;&#35831;&#36820;&#22238;&#36827;&#34892;&#20854;&#20182;&#25805;&#20316;]]></item>
				<item id="tools_inc_php_3"><![CDATA[&#25191;&#34892;&#25805;&#20316;]]></item>
				<item id="tools_inc_php_4"><![CDATA[&#25628;&#32034;&#32467;&#26524;]]></item>
				<item id="tools_inc_php_5"><![CDATA[&#20026;&#25152;&#36873;&#29992;&#25143;&#24320;&#36890;/&#32493;&#36153; VIP &#26381;&#21153;]]></item>
				<item id="tools_inc_php_6"><![CDATA[&#24320;&#36890;&#26102;&#38271;]]></item>
				<item id="tools_inc_php_7"><![CDATA[&#20026;&#25152;&#36873;&#20250;&#21592;&#22686;&#21152;&#25104;&#38271;&#20540;]]></item>
				<item id="tools_inc_php_8"><![CDATA[&#22686;&#21152;&#25104;&#38271;&#20540;&#25968;&#30446;]]></item>
				<item id="tools_inc_php_9"><![CDATA[&#24037;&#20855;&#31665;]]></item>
				<item id="tools_inc_php_10"><![CDATA[&#20849;&#25628;&#32034;&#21040;]]></item>
				<item id="tools_inc_php_11"><![CDATA[&#21517;&#31526;&#21512;&#26465;&#20214;&#30340;&#29992;&#25143;&#12290;]]></item>
				<item id="discount_inc_php_2"><![CDATA[&#25269;&#20215;&#21048;&#31649;&#29702; - &#20351;&#29992;&#35760;&#24405;]]></item>
				<item id="discount_inc_php_3"><![CDATA[&#29992;&#25143;&#21517;]]></item>
				<item id="discount_inc_php_4"><![CDATA[&#25269;&#20215;&#21048;&#20195;&#30721;]]></item>
				<item id="discount_inc_php_5"><![CDATA[&#26102;&#38388;]]></item>
				<item id="discount_inc_php_6"><![CDATA[&#25240;&#25187;&#20215;&#20540;]]></item>
				<item id="discount_inc_php_7"><![CDATA[&#28165;&#29702;]]></item>
				<item id="discount_inc_php_8"><![CDATA[&#25269;&#20215;&#21048;&#31649;&#29702;]]></item>
				<item id="discount_inc_php_9"><![CDATA[&#35770;&#22363;&#20195;&#30721;]]></item>
				<item id="discount_inc_php_11"><![CDATA[&#36820;&#22238;]]></item>
				<item id="discount_inc_php_12"><![CDATA[&#21047;&#26032;]]></item>
				<item id="discount_inc_php_13"><![CDATA[&#31995;&#32479;&#33258;&#21160;&#29983;&#25104;]]></item>
				<item id="discount_inc_php_15"><![CDATA[&#25269;&#20215;&#21048;]]></item>
				<item id="discount_inc_php_16"><![CDATA[&#25240;&#25187;&#30721;]]></item>
				<item id="discount_inc_php_17"><![CDATA[&#28155;&#21152;&#25269;&#20215;&#21048;]]></item>
				<item id="discount_inc_php_18"><![CDATA[&#25269;&#20215;&#21048;&#20351;&#29992;&#35760;&#24405;]]></item>
				<item id="vip_class_php_2"><![CDATA[&#65288;&#26410;&#20351;&#29992;&#65289;&#65306;]]></item>
				<item id="vip_class_php_4"><![CDATA[&#65288;&#24050;&#20351;&#29992;&#65289;&#65306;]]></item>
				<item id="tools_inc_php_12"><![CDATA[&#21024;&#38500;&#25104;&#21151;&#65292;&#35831;&#36820;&#22238;&#36827;&#34892;&#20854;&#20182;&#25805;&#20316;]]></item>
				<item id="tools_inc_php_13"><![CDATA[&#21024;&#38500;&#35813;&#29992;&#25143; VIP &#36164;&#26684;]]></item>
				<item id="tools_inc_php_14"><![CDATA[&#30830;&#35748;]]></item>
			</item>
			<item id="templatelang">
				<item id="vip_center"><![CDATA[&#20250;&#21592;&#20013;&#24515;]]></item>
				<item id="vip_index"><![CDATA[&#20250;&#21592;&#39318;&#39029;]]></item>
				<item id="vip_pay"><![CDATA[&#24320;&#36890;&#20250;&#21592;]]></item>
				<item id="vip_pay2"><![CDATA[&#32493;&#36153;&#20250;&#21592;]]></item>
				<item id="vip_pay_give"><![CDATA[&#24110;&#22909;&#21451;&#24320;&#36890;]]></item>
				<item id="vip_mylevel"><![CDATA[&#25105;&#30340;&#25104;&#38271;&#20449;&#24687;]]></item>
				<item id="new_vip"><![CDATA[&#20250;&#21592;&#26032;&#20853;]]></item>
				<item id="vip_top"><![CDATA[&#20250;&#21592;&#25490;&#34892;]]></item>
				<item id="vip_usevip"><![CDATA[VIP&#26381;&#21153;&#24320;&#20851;]]></item>
				<item id="side_dh"><![CDATA[VIP&#23548;&#33322;]]></item>
				<item id="mylevel_my_level"><![CDATA[&#24744;&#30446;&#21069;&#26159;&#35770;&#22363;&#20250;&#21592;]]></item>
				<item id="mylevel_czz"><![CDATA[&#24744;&#30340;&#25104;&#38271;&#20540;&#20026;&#65306;]]></item>
				<item id="mylevel_czz_add"><![CDATA[&#26681;&#25454;&#35770;&#22363;&#30456;&#20851;&#35268;&#21017;&#65292;&#24744;&#30340;&#25104;&#38271;&#20540;&#27599;&#22825;&#22686;&#21152;&#65306;]]></item>
				<item id="mylevel_czz_lost"><![CDATA[&#26681;&#25454;&#35770;&#22363;&#30456;&#20851;&#35268;&#21017;&#65292;&#30001;&#20110;&#24744;&#30340; VIP &#26435;&#38480;&#24050;&#21040;&#26399;&#65292;&#24744;&#30340;&#25104;&#38271;&#20540;&#27599;&#22825;&#23558;&#20943;&#23569;&#65306;]]></item>
				<item id="my_info"><![CDATA[&#25105;&#30340;&#20250;&#21592;&#20449;&#24687;]]></item>
				<item id="my_info_exptime"><![CDATA[VIP &#21040;&#26399;&#26102;&#38388;&#65306;]]></item>
				<item id="my_info_level"><![CDATA[VIP &#24403;&#21069;&#31561;&#32423;&#65306;]]></item>
				<item id="my_info_czz"><![CDATA[VIP &#25104;&#38271;&#20540;&#65306;]]></item>
				<item id="welcome_expiretime"><![CDATA[&#24744;&#30340;&#20250;&#21592;&#21040;&#26399;&#26102;&#38388;&#65306;]]></item>
				<item id="welcome_vip"><![CDATA[&#27426;&#36814;&#26469;&#21040;&#20250;&#21592;&#20013;&#24515;! &#23562;&#25964;&#30340;&#20250;&#21592; ]]></item>
				<item id="welcome_vip2"><![CDATA[&#24744;&#23562;&#20139;&#20197;&#19979;&#20248;&#24800;&#21644;&#29305;&#26435;&#65306;]]></item>
				<item id="welcome_novip"><![CDATA[&#27426;&#36814;&#26469;&#21040;&#20250;&#21592;&#20013;&#24515;! &#23562;&#25964;&#30340;&#29992;&#25143; ]]></item>
				<item id="welcome_novip2"><![CDATA[&#29616;&#22312;&#25104;&#20026;&#20250;&#21592;&#65292;&#24744;&#21487;&#20197;&#20139;&#21463;&#20197;&#19979;&#20248;&#24800;&#21644;&#29305;&#26435;&#65306;]]></item>
				<item id="exptime"><![CDATA[&#32493;&#36153;&#26102;&#38271; (&#26376;)&#65306;]]></item>
				<item id="discounted"><![CDATA[(&#25240;&#21518;&#20215;)]]></item>
				<item id="cost"><![CDATA[&#20351;&#29992; VIP &#20250;&#21592;&#26381;&#21153;&#24744;&#27599;&#26376;&#38656;&#25903;&#20184;]]></item>
				<item id="cost2"><![CDATA[&#19968;&#26086;&#24744;&#30830;&#35748;&#24320;&#36890;&#26381;&#21153;&#65292;&#30456;&#24212;&#31215;&#20998;&#23558;&#19981;&#33021;&#36820;&#36824;&#12290;&#35831;&#24744;&#24910;&#37325;&#36873;&#25321;&#65281;]]></item>
				<item id="cost_js"><![CDATA[&#20351;&#29992; VIP &#20250;&#21592;&#26381;&#21153;&#24744;&#27599;&#26376;&#38656;&#25903;&#20184;&#35770;&#22363;&#31215;&#20998;&#65281;\n&#19968;&#26086;&#24744;&#30830;&#35748;&#24320;&#36890;&#26381;&#21153;&#65292;&#30456;&#24212;&#31215;&#20998;&#23558;&#19981;&#33021;&#36820;&#36824;&#12290;\n\n&#24744;&#30830;&#23450;&#35201;&#24320;&#36890;&#65311;]]></item>
				<item id="buytime"><![CDATA[&#24320;&#36890;&#26102;&#38271; (&#26376;)&#65306;]]></item>
				<item id="saving"><![CDATA[&#27491;&#22312;&#20445;&#23384;&#35774;&#32622;...]]></item>
				<item id="tips"><![CDATA[<li>&#26412;&#21151;&#33021;&#20165;&#20379;&#31649;&#29702;&#21592;&#27979;&#35797;&#38750;VIP&#21151;&#33021;&#26102;&#20351;&#29992;.</li>
<li>&#20851;&#38381;VIP&#21151;&#33021;&#21518;&#21040;&#26399;&#26102;&#38388;&#19981;&#25913;&#21464;.</li>]]></item>
				<item id="paycenter_buy_htm_1"><![CDATA[&#24744;&#24403;&#21069;&#20849;&#26377;]]></item>
				<item id="paycenter_buy_htm_2"><![CDATA[&#65292;&#26368;&#22810;&#21487;&#36141;&#20080;]]></item>
				<item id="paycenter_buy_htm_5"><![CDATA[&#20184;&#36153;&#36134;&#21495;&#65306;]]></item>
				<item id="paycenter_buy_htm_6"><![CDATA[&#24320;&#36890;&#36134;&#21495;&#65306;]]></item>
				<item id="buyto"><![CDATA[&#35201;&#24320;&#36890;&#36134;&#21495;&#30340; UID&#65306;]]></item>
				<item id="paycenter_htm_1"><![CDATA[&#32493;&#36153;&#36134;&#21495;&#65306;]]></item>
				<item id="paycenter_htm_3"><![CDATA[&#23562;&#36149;&#30340;&#20250;&#21592;&#65292;&#24744;&#30340;&#25104;&#38271;&#38454;&#27573;&#20026;]]></item>
				<item id="paycenter_htm_4"><![CDATA[&#12290;&#22312;&#30446;&#21069;&#30340;&#25104;&#38271;&#38454;&#27573;&#65292;&#24744;&#20139;&#21463;&#20197;&#19979;&#30340;&#29305;&#26435;&#12290;]]></item>
				<item id="vipcenter_htm_1"><![CDATA[&#25345;&#32493;&#20351;&#29992;&#20250;&#21592;&#26381;&#21153;&#21040;]]></item>
				<item id="vipcenter_htm_3"><![CDATA[&#24744;&#36824;&#19981;&#26159;&#20250;&#21592;&#65292;&#21152;&#20837;&#20250;&#21592;&#20139;&#21463;]]></item>
				<item id="vipcenter_htm_4"><![CDATA[&#23562;&#36149;&#29305;&#26435;]]></item>
				<item id="vipcenter_htm_5"><![CDATA[&#12290;]]></item>
				<item id="vipcenter_htm_7"><![CDATA[&#21435;&#38500;&#24191;&#21578;]]></item>
				<item id="vipcenter_htm_9"><![CDATA[&#32593;&#31449;&#25152;&#26377;&#24191;&#21578;&#22343;&#21487;&#21435;&#38500;]]></item>
				<item id="vipcenter_htm_10"><![CDATA[&#32418;&#21517;&#26174;&#31034;]]></item>
				<item id="vipcenter_htm_12"><![CDATA[&#21517;&#31216;&#32418;&#33394;&#23562;&#36149;&#26174;&#31034;]]></item>
				<item id="vipcenter_htm_13"><![CDATA[&#24086;&#23376;&#39640;&#20142;]]></item>
				<item id="vipcenter_htm_15"><![CDATA[&#21482;&#35201;&#21457;&#24086;&#23601;&#26159;&#39640;&#20142;]]></item>
				<item id="vipcenter_htm_16"><![CDATA[&#20840;&#37096;&#29305;&#26435;]]></item>
				<item id="vipcenter_htm_17"><![CDATA[&#23562;&#36149;&#30340;&#20250;&#21592;&#65292;&#24744;&#29616;&#22312;&#20139;&#21463;&#20197;&#19979;&#29305;&#26435;&#12290;&#20026;&#20102;&#38450;&#27490;&#24744;&#30340;&#25104;&#38271;&#20540;&#20943;&#23569;&#65292;&#35831;&#21450;&#26102;&#32493;&#36153;&#12290;]]></item>
				<item id="vipcenter_htm_19"><![CDATA[&#24744;&#30446;&#21069;&#36824;&#19981;&#26159;&#20250;&#21592;&#65292;&#19981;&#33021;&#20139;&#21463;&#20197;&#19979;&#29305;&#26435;&#12290;]]></item>
				<item id="mylevel_htm_9"><![CDATA[&#12290;&#22312;&#30446;&#21069;&#30340;&#25104;&#38271;&#38454;&#27573;&#65292;&#24744;&#20139;&#21463;&#20197;&#19979;&#30340;&#29305;&#26435;&#12290;&#20026;&#20102;&#38450;&#27490;&#24744;&#30340;&#25104;&#38271;&#20540;&#20943;&#23569;&#65292;&#35831;&#21450;&#26102;&#32493;&#36153;&#12290;]]></item>
				<item id="vip_sidebar_htm_1"><![CDATA[&#27426;&#36814;&#24744;&#65281;]]></item>
				<item id="vip_sidebar_htm_2"><![CDATA[&#24744;&#36824;&#19981;&#26159;&#20250;&#21592;]]></item>
				<item id="vip_sidebar_htm_3"><![CDATA[&#25104;&#38271;&#36895;&#24230;]]></item>
				<item id="vip_sidebar_htm_4"><![CDATA[&#28857;]]></item>
				<item id="vip_sidebar_htm_5"><![CDATA[&#22825;]]></item>
				<item id="vip_sidebar_htm_6"><![CDATA[&#23545;&#19981;&#36215;&#65292;&#24744;&#36824;&#19981;&#26159;&#20250;&#21592;]]></item>
				<item id="vip_sidebar_htm_7"><![CDATA[&#26242;&#26102;&#26080;&#27861;&#20139;&#21463;&#20250;&#21592;&#29305;&#26435;&#12290;]]></item>
				<item id="vip_sidebar_htm_8"><![CDATA[&#20010;&#20154;&#20013;&#24515;]]></item>
				<item id="paycenter_buy_htm_3"><![CDATA[&#20010;&#26376;&#30340; VIP &#26381;&#21153;&#12290;]]></item>
				<item id="paycenter_buy_htm_4"><![CDATA[&#31215;&#20998;&#20805;&#20540;]]></item>
				<item id="vipcenter_htm_2"><![CDATA[&#65292;&#24744;&#23558;&#21319;&#32423;&#33267;]]></item>
				<item id="vipcenter_htm_20"><![CDATA[&#20026;&#20102;&#38450;&#27490;&#24744;&#30340;&#25104;&#38271;&#20540;&#20943;&#23569;&#65292;&#35831;&#21450;&#26102;&#32493;&#36153;&#12290;]]></item>
				<item id="vip_top_htm_1"><![CDATA[&#24050;&#32463;&#26377;&#36825;&#20040;&#22810;&#20250;&#21592;&#21152;&#20837;&#20102;&#65292;&#36824;&#19981;&#36214;&#32039;&#21152;&#20837;&#65311;]]></item>
				<item id="vip_top_htm_2"><![CDATA[&#20250;&#21592;&#21517;]]></item>
				<item id="vip_top_htm_3"><![CDATA[&#25104;&#38271;&#20540;]]></item>
				<item id="vip_top_htm_4"><![CDATA[&#20250;&#21592;&#31561;&#32423;]]></item>
				<item id="new_vip_htm_5"><![CDATA[&#24320;&#36890;&#26102;&#38388;]]></item>
				<item id="paycenter_htm_2"><![CDATA[&#25269;&#20215;&#21048;&#65306;]]></item>
				<item id="paycenter_htm_5"><![CDATA[&#20248;&#24800;&#20215;&#26684;&#65306;]]></item>
			</item>
		</item>
		<item id="installfile"><![CDATA[install.php]]></item>
		<item id="uninstallfile"><![CDATA[uninstall.php]]></item>
		<item id="upgradefile"><![CDATA[upgrade.php]]></item>
		<item id="license"><![CDATA[[list]
[*]&#26412;&#25554;&#20214;&#29256;&#26435;&#24402;&#23646;&#25554;&#20214;&#20316;&#32773;,&#21450;&#20854;&#19979;&#23646;Discuz! Student Union&#22242;&#38431;&#25152;&#26377;.
[*]&#26410;&#32463;&#25554;&#20214;&#20316;&#32773;&#35768;&#21487;,&#20219;&#20309;&#20154;&#19981;&#24471;&#20197;&#20219;&#20309;&#24418;&#24335;&#22312;&#20219;&#20309;&#22320;&#26041;&#21457;&#24067;/&#36716;&#21457;&#21407;&#29256;&#20197;&#21450;&#20854;&#34893;&#29983;&#30340;&#20462;&#25913;&#29256;.
[*][b]&#25554;&#20214;&#20316;&#32773;:[/b]kookxiang
[*]&#22914;&#26377;&#20219;&#20309;&#20851;&#20110;&#20351;&#29992;&#19978;&#30340;&#30097;&#38382;,&#35831;&#33267;[url]http://www.dsu.cc/forum-44-1.html[/url]&#25552;&#20986;.
[*]&#26368;&#21518;,&#24863;&#35874;&#24744;&#20351;&#29992;&#25105;&#20204;&#30340;&#25554;&#20214;,&#20063;&#24076;&#26395;&#24744;&#33021;&#22815;&#32473;&#25105;&#20204;DSU&#22242;&#38431;&#25552;&#20379;&#26356;&#22909;&#30340;&#24847;&#35265;([url=http://www.dsu.cc/]&#35831;&#28857;&#20987;&#36825;&#37324;&#36827;&#20837;DSU&#22242;&#38431;&#23448;&#26041;&#31449;&#28857;[/url]).
[/list]]]></item>
	</item>
</root>