﻿<?xml version="1.0" encoding="ISO-8859-1"?>
<root>
	<item id="Title"><![CDATA[Discuz! Plugin]]></item>
	<item id="Version"><![CDATA[X1]]></item>
	<item id="Time"><![CDATA[2010-08-25 10:56]]></item>
	<item id="From"><![CDATA[KK 插件演示站 (http://demo.kookxiang.com/)]]></item>
	<item id="Data">
		<item id="plugin">
			<item id="available"><![CDATA[1]]></item>
			<item id="adminid"><![CDATA[1]]></item>
			<item id="name"><![CDATA[[DSU] VIP中心]]></item>
			<item id="identifier"><![CDATA[dsu_kkvip]]></item>
			<item id="description"><![CDATA[]]></item>
			<item id="datatables"><![CDATA[]]></item>
			<item id="directory"><![CDATA[dsu_kkvip/]]></item>
			<item id="copyright"><![CDATA[kookxiang @ DSU.Team]]></item>
			<item id="version"><![CDATA[0.5]]></item>
			<item id="__modules">
				<item id="0">
					<item id="name"><![CDATA[vip]]></item>
					<item id="menu"><![CDATA[]]></item>
					<item id="url"><![CDATA[]]></item>
					<item id="type"><![CDATA[11]]></item>
					<item id="adminid"><![CDATA[0]]></item>
					<item id="displayorder"><![CDATA[-1]]></item>
				</item>
				<item id="1">
					<item id="name"><![CDATA[main]]></item>
					<item id="menu"><![CDATA[會員/VIP]]></item>
					<item id="url"><![CDATA[vip.php]]></item>
					<item id="type"><![CDATA[1]]></item>
					<item id="adminid"><![CDATA[0]]></item>
					<item id="displayorder"><![CDATA[0]]></item>
				</item>
				<item id="2">
					<item id="name"><![CDATA[edit_group]]></item>
					<item id="menu"><![CDATA[VIP權限]]></item>
					<item id="url"><![CDATA[]]></item>
					<item id="type"><![CDATA[3]]></item>
					<item id="adminid"><![CDATA[0]]></item>
					<item id="displayorder"><![CDATA[0]]></item>
				</item>
				<item id="3">
					<item id="name"><![CDATA[tools]]></item>
					<item id="menu"><![CDATA[管理工具]]></item>
					<item id="url"><![CDATA[]]></item>
					<item id="type"><![CDATA[3]]></item>
					<item id="adminid"><![CDATA[0]]></item>
					<item id="displayorder"><![CDATA[1]]></item>
				</item>
				<item id="4">
					<item id="name"><![CDATA[discount]]></item>
					<item id="menu"><![CDATA[抵價券]]></item>
					<item id="url"><![CDATA[]]></item>
					<item id="type"><![CDATA[3]]></item>
					<item id="adminid"><![CDATA[0]]></item>
					<item id="displayorder"><![CDATA[2]]></item>
				</item>
				<item id="5">
					<item id="name"><![CDATA[check]]></item>
					<item id="menu"><![CDATA[過期檢查]]></item>
					<item id="url"><![CDATA[]]></item>
					<item id="type"><![CDATA[3]]></item>
					<item id="adminid"><![CDATA[0]]></item>
					<item id="displayorder"><![CDATA[3]]></item>
				</item>
				<item id="6">
					<item id="name"><![CDATA[plugin]]></item>
					<item id="menu"><![CDATA[接口設定]]></item>
					<item id="url"><![CDATA[]]></item>
					<item id="type"><![CDATA[3]]></item>
					<item id="adminid"><![CDATA[0]]></item>
					<item id="displayorder"><![CDATA[4]]></item>
				</item>
			</item>
		</item>
		<item id="version"><![CDATA[X1]]></item>
		<item id="var">
			<item id="0">
				<item id="displayorder"><![CDATA[92]]></item>
				<item id="title"><![CDATA[續費折扣]]></item>
				<item id="description"><![CDATA[無需輸入小數點，例如：8折輸入8，75折輸入75]]></item>
				<item id="variable"><![CDATA[vip_discount2]]></item>
				<item id="type"><![CDATA[number]]></item>
				<item id="value"><![CDATA[65]]></item>
				<item id="extra"><![CDATA[]]></item>
			</item>
			<item id="1">
				<item id="displayorder"><![CDATA[91]]></item>
				<item id="title"><![CDATA[購買VIP折扣]]></item>
				<item id="description"><![CDATA[無需輸入小數點，例如：8折輸入8，75折輸入75]]></item>
				<item id="variable"><![CDATA[vip_discount]]></item>
				<item id="type"><![CDATA[number]]></item>
				<item id="value"><![CDATA[65]]></item>
				<item id="extra"><![CDATA[]]></item>
			</item>
			<item id="2">
				<item id="displayorder"><![CDATA[90]]></item>
				<item id="title"><![CDATA[購買VIP折扣用戶組]]></item>
				<item id="description"><![CDATA[]]></item>
				<item id="variable"><![CDATA[vip_discount_group]]></item>
				<item id="type"><![CDATA[groups]]></item>
				<item id="extra"><![CDATA[]]></item>
				<item id="__value">
					<item id="0"><![CDATA[1]]></item>
					<item id="1"><![CDATA[2]]></item>
					<item id="2"><![CDATA[3]]></item>
				</item>
			</item>
			<item id="3">
				<item id="displayorder"><![CDATA[3]]></item>
				<item id="title"><![CDATA[消耗積分類型]]></item>
				<item id="description"><![CDATA[]]></item>
				<item id="variable"><![CDATA[vip_creditid]]></item>
				<item id="type"><![CDATA[extcredit]]></item>
				<item id="value"><![CDATA[2]]></item>
				<item id="extra"><![CDATA[]]></item>
			</item>
			<item id="4">
				<item id="displayorder"><![CDATA[6]]></item>
				<item id="title"><![CDATA[是否開啟會員去廣告]]></item>
				<item id="description"><![CDATA[]]></item>
				<item id="variable"><![CDATA[vip_noad]]></item>
				<item id="type"><![CDATA[radio]]></item>
				<item id="value"><![CDATA[1]]></item>
				<item id="extra"><![CDATA[]]></item>
			</item>
			<item id="5">
				<item id="displayorder"><![CDATA[11]]></item>
				<item id="title"><![CDATA[VIP特權介紹]]></item>
				<item id="description"><![CDATA[]]></item>
				<item id="variable"><![CDATA[vip_intro]]></item>
				<item id="type"><![CDATA[textarea]]></item>
				<item id="value"><![CDATA[屏蔽廣告
免費下載論壇附件
免費下載收費附件
帖子不用購買即可查看
VIP帖子高亮
帖內紅名特效
發帖免審核]]></item>
				<item id="extra"><![CDATA[]]></item>
			</item>
			<item id="6">
				<item id="displayorder"><![CDATA[7]]></item>
				<item id="title"><![CDATA[是否開啟帖內VIP紅名顯示]]></item>
				<item id="description"><![CDATA[]]></item>
				<item id="variable"><![CDATA[vip_redname]]></item>
				<item id="type"><![CDATA[radio]]></item>
				<item id="value"><![CDATA[1]]></item>
				<item id="extra"><![CDATA[]]></item>
			</item>
			<item id="7">
				<item id="displayorder"><![CDATA[2]]></item>
				<item id="title"><![CDATA[VIP每月消耗積分]]></item>
				<item id="description"><![CDATA[]]></item>
				<item id="variable"><![CDATA[vip_cost]]></item>
				<item id="type"><![CDATA[number]]></item>
				<item id="value"><![CDATA[30]]></item>
				<item id="extra"><![CDATA[]]></item>
			</item>
			<item id="8">
				<item id="displayorder"><![CDATA[1]]></item>
				<item id="title"><![CDATA[VIP用戶組]]></item>
				<item id="description"><![CDATA[]]></item>
				<item id="variable"><![CDATA[vip_group]]></item>
				<item id="type"><![CDATA[group]]></item>
				<item id="value"><![CDATA[20]]></item>
				<item id="extra"><![CDATA[]]></item>
			</item>
			<item id="9">
				<item id="displayorder"><![CDATA[12]]></item>
				<item id="title"><![CDATA[會員每天成長值]]></item>
				<item id="description"><![CDATA[]]></item>
				<item id="variable"><![CDATA[vip_czzday]]></item>
				<item id="type"><![CDATA[number]]></item>
				<item id="value"><![CDATA[50]]></item>
				<item id="extra"><![CDATA[]]></item>
			</item>
			<item id="10">
				<item id="displayorder"><![CDATA[13]]></item>
				<item id="title"><![CDATA[會員過期後每天扣除成長值]]></item>
				<item id="description"><![CDATA[]]></item>
				<item id="variable"><![CDATA[vip_czzday2]]></item>
				<item id="type"><![CDATA[number]]></item>
				<item id="value"><![CDATA[10]]></item>
				<item id="extra"><![CDATA[]]></item>
			</item>
			<item id="11">
				<item id="displayorder"><![CDATA[9]]></item>
				<item id="title"><![CDATA[是否開啟VIP帖子加粗高亮]]></item>
				<item id="description"><![CDATA[]]></item>
				<item id="variable"><![CDATA[vip_threadblod]]></item>
				<item id="type"><![CDATA[radio]]></item>
				<item id="value"><![CDATA[1]]></item>
				<item id="extra"><![CDATA[]]></item>
			</item>
			<item id="12">
				<item id="displayorder"><![CDATA[10]]></item>
				<item id="title"><![CDATA[高亮顏色]]></item>
				<item id="description"><![CDATA[]]></item>
				<item id="variable"><![CDATA[vip_threadblod_color]]></item>
				<item id="type"><![CDATA[color]]></item>
				<item id="value"><![CDATA[blue]]></item>
				<item id="extra"><![CDATA[]]></item>
			</item>
			<item id="13">
				<item id="displayorder"><![CDATA[8]]></item>
				<item id="title"><![CDATA[帖子左側是否顯示VIP成長值]]></item>
				<item id="description"><![CDATA[]]></item>
				<item id="variable"><![CDATA[show_vip_czz]]></item>
				<item id="type"><![CDATA[radio]]></item>
				<item id="value"><![CDATA[1]]></item>
				<item id="extra"><![CDATA[]]></item>
			</item>
			<item id="14">
				<item id="displayorder"><![CDATA[4]]></item>
				<item id="title"><![CDATA[支付中心顯示快速充值按鈕]]></item>
				<item id="description"><![CDATA[要求：交易積分就是VIP消耗積分，站點開通「電子商務」功能，支持積分充值。]]></item>
				<item id="variable"><![CDATA[show_buy_btn]]></item>
				<item id="type"><![CDATA[radio]]></item>
				<item id="value"><![CDATA[1]]></item>
				<item id="extra"><![CDATA[]]></item>
			</item>
			<item id="15">
				<item id="displayorder"><![CDATA[5]]></item>
				<item id="title"><![CDATA[是否開啟折扣系統]]></item>
				<item id="description"><![CDATA[]]></item>
				<item id="variable"><![CDATA[discount_code]]></item>
				<item id="type"><![CDATA[radio]]></item>
				<item id="value"><![CDATA[0]]></item>
				<item id="extra"><![CDATA[]]></item>
			</item>
		</item>
		<item id="language">
			<item id="scriptlang">
				<item id="buy_succeed"><![CDATA[成功購買了 {month} 個月的 VIP 服務！]]></item>
				<item id="give_succeed"><![CDATA[成功購買了 {month} 個月的 VIP 服務給用戶「{giveto}」！]]></item>
				<item id="buy_nomoney"><![CDATA[對不起，您的積分不足！]]></item>
				<item id="jumping"><![CDATA[</h4><h4 class="infotitle1">正在處理數據，請稍候...</h4><img src="static/image/admincp/ajax_loader.gif" class="marginbot" />]]></item>
				<item id="check_succeed"><![CDATA[檢查完成！<br>共處理了 {sum} 個到期的 VIP。]]></item>
				<item id="vip_level"><![CDATA[VIP等級]]></item>
				<item id="vip_czz"><![CDATA[成長值]]></item>
				<item id="no_time"><![CDATA[管理員手動開通]]></item>
				<item id="saved_1"><![CDATA[保存成功！當前狀態：VIP功能開啟]]></item>
				<item id="saved_0"><![CDATA[保存成功！當前狀態：VIP功能關閉]]></item>
				<item id="usevip_yes"><![CDATA[當前狀態：VIP功能開啟]]></item>
				<item id="usevip_no"><![CDATA[當前狀態：VIP功能關閉]]></item>
				<item id="uid_not_exists"><![CDATA[找不到該用戶！]]></item>
				<item id="uid_not_exists_return"><![CDATA[找不到該用戶，請返回修改！]]></item>
				<item id="notification_1"><![CDATA[由於您是今天第一個簽到的，系統贈送您 {days} 天 VIP 服務體驗期，體驗期過，歡迎續費！]]></item>
				<item id="notification_2"><![CDATA[由於您是今天第 {num} 個簽到的，系統贈送您 VIP 成長值 {czz} ，感謝您使用 VIP 服務！]]></item>
				<item id="notification_give"><![CDATA[您的朋友 {username} 幫您開通了 {month} 個月的 VIP 服務，還不快感謝他？]]></item>
				<item id="plugin_inc_php_1"><![CDATA[保存成功！]]></item>
				<item id="plugin_inc_php_2"><![CDATA[使用此接口]]></item>
				<item id="plugin_inc_php_3"><![CDATA[簽到第一名贈送 VIP 天數]]></item>
				<item id="plugin_inc_php_4"><![CDATA[前幾樓贈送成長值]]></item>
				<item id="plugin_inc_php_5"><![CDATA[贈送成長值數額]]></item>
				<item id="plugin_inc_php_6"><![CDATA[接口設定 - [DSU] 每日簽到]]></item>
				<item id="plugin_inc_php_7"><![CDATA[測試下]]></item>
				<item id="tools_inc_php_1"><![CDATA[開通 VIP 成功，請返回進行其他操作]]></item>
				<item id="tools_inc_php_2"><![CDATA[添加成長值成功，請返回進行其他操作]]></item>
				<item id="tools_inc_php_3"><![CDATA[執行操作]]></item>
				<item id="tools_inc_php_4"><![CDATA[搜索結果]]></item>
				<item id="tools_inc_php_5"><![CDATA[為所選用戶開通/續費 VIP 服務]]></item>
				<item id="tools_inc_php_6"><![CDATA[開通時長]]></item>
				<item id="tools_inc_php_7"><![CDATA[為所選會員增加成長值]]></item>
				<item id="tools_inc_php_8"><![CDATA[增加成長值數目]]></item>
				<item id="tools_inc_php_9"><![CDATA[工具箱]]></item>
				<item id="tools_inc_php_10"><![CDATA[共搜索到]]></item>
				<item id="tools_inc_php_11"><![CDATA[名符合條件的用戶。]]></item>
				<item id="discount_inc_php_2"><![CDATA[抵價券管理 - 使用記錄]]></item>
				<item id="discount_inc_php_3"><![CDATA[用戶名]]></item>
				<item id="discount_inc_php_4"><![CDATA[抵價券代碼]]></item>
				<item id="discount_inc_php_5"><![CDATA[時間]]></item>
				<item id="discount_inc_php_6"><![CDATA[折扣價值]]></item>
				<item id="discount_inc_php_7"><![CDATA[清理]]></item>
				<item id="discount_inc_php_8"><![CDATA[抵價券管理]]></item>
				<item id="discount_inc_php_9"><![CDATA[論壇代碼]]></item>
				<item id="discount_inc_php_11"><![CDATA[返回]]></item>
				<item id="discount_inc_php_12"><![CDATA[刷新]]></item>
				<item id="discount_inc_php_13"><![CDATA[系統自動生成]]></item>
				<item id="discount_inc_php_15"><![CDATA[抵價券]]></item>
				<item id="discount_inc_php_16"><![CDATA[折扣碼]]></item>
				<item id="discount_inc_php_17"><![CDATA[添加抵價券]]></item>
				<item id="discount_inc_php_18"><![CDATA[抵價券使用記錄]]></item>
				<item id="vip_class_php_2"><![CDATA[（未使用）：]]></item>
				<item id="vip_class_php_4"><![CDATA[（已使用）：]]></item>
				<item id="tools_inc_php_12"><![CDATA[刪除成功，請返回進行其他操作]]></item>
				<item id="tools_inc_php_13"><![CDATA[刪除該用戶 VIP 資格]]></item>
				<item id="tools_inc_php_14"><![CDATA[確認]]></item>
			</item>
			<item id="templatelang">
				<item id="vip_center"><![CDATA[會員中心]]></item>
				<item id="vip_index"><![CDATA[會員首頁]]></item>
				<item id="vip_pay"><![CDATA[開通會員]]></item>
				<item id="vip_pay2"><![CDATA[續費會員]]></item>
				<item id="vip_pay_give"><![CDATA[幫好友開通]]></item>
				<item id="vip_mylevel"><![CDATA[我的成長信息]]></item>
				<item id="new_vip"><![CDATA[會員新兵]]></item>
				<item id="vip_top"><![CDATA[會員排行]]></item>
				<item id="vip_usevip"><![CDATA[VIP服務開關]]></item>
				<item id="side_dh"><![CDATA[VIP導航]]></item>
				<item id="mylevel_my_level"><![CDATA[您目前是論壇會員]]></item>
				<item id="mylevel_czz"><![CDATA[您的成長值為：]]></item>
				<item id="mylevel_czz_add"><![CDATA[根據論壇相關規則，您的成長值每天增加：]]></item>
				<item id="mylevel_czz_lost"><![CDATA[根據論壇相關規則，由於您的 VIP 權限已到期，您的成長值每天將減少：]]></item>
				<item id="my_info"><![CDATA[我的會員信息]]></item>
				<item id="my_info_exptime"><![CDATA[VIP 到期時間：]]></item>
				<item id="my_info_level"><![CDATA[VIP 當前等級：]]></item>
				<item id="my_info_czz"><![CDATA[VIP 成長值：]]></item>
				<item id="welcome_expiretime"><![CDATA[您的會員到期時間：]]></item>
				<item id="welcome_vip"><![CDATA[歡迎來到會員中心! 尊敬的會員 ]]></item>
				<item id="welcome_vip2"><![CDATA[您尊享以下優惠和特權：]]></item>
				<item id="welcome_novip"><![CDATA[歡迎來到會員中心! 尊敬的用戶 ]]></item>
				<item id="welcome_novip2"><![CDATA[現在成為會員，您可以享受以下優惠和特權：]]></item>
				<item id="exptime"><![CDATA[續費時長 (月)：]]></item>
				<item id="discounted"><![CDATA[(折後價)]]></item>
				<item id="cost"><![CDATA[使用 VIP 會員服務您每月需支付]]></item>
				<item id="cost2"><![CDATA[一旦您確認開通服務，相應積分將不能返還。請您慎重選擇！]]></item>
				<item id="cost_js"><![CDATA[使用 VIP 會員服務您每月需支付論壇積分！\n一旦您確認開通服務，相應積分將不能返還。\n\n您確定要開通？]]></item>
				<item id="buytime"><![CDATA[開通時長 (月)：]]></item>
				<item id="saving"><![CDATA[正在保存設置...]]></item>
				<item id="tips"><![CDATA[<li>本功能僅供管理員測試非VIP功能時使用.</li>
<li>關閉VIP功能後到期時間不改變.</li>]]></item>
				<item id="paycenter_buy_htm_1"><![CDATA[您當前共有]]></item>
				<item id="paycenter_buy_htm_2"><![CDATA[，最多可購買]]></item>
				<item id="paycenter_buy_htm_5"><![CDATA[付費賬號：]]></item>
				<item id="paycenter_buy_htm_6"><![CDATA[開通賬號：]]></item>
				<item id="buyto"><![CDATA[要開通賬號的 UID：]]></item>
				<item id="paycenter_htm_1"><![CDATA[續費賬號：]]></item>
				<item id="paycenter_htm_3"><![CDATA[尊貴的會員，您的成長階段為]]></item>
				<item id="paycenter_htm_4"><![CDATA[。在目前的成長階段，您享受以下的特權。]]></item>
				<item id="vipcenter_htm_1"><![CDATA[持續使用會員服務到]]></item>
				<item id="vipcenter_htm_3"><![CDATA[您還不是會員，加入會員享受]]></item>
				<item id="vipcenter_htm_4"><![CDATA[尊貴特權]]></item>
				<item id="vipcenter_htm_5"><![CDATA[。]]></item>
				<item id="vipcenter_htm_7"><![CDATA[去除廣告]]></item>
				<item id="vipcenter_htm_9"><![CDATA[網站所有廣告均可去除]]></item>
				<item id="vipcenter_htm_10"><![CDATA[紅名顯示]]></item>
				<item id="vipcenter_htm_12"><![CDATA[名稱紅色尊貴顯示]]></item>
				<item id="vipcenter_htm_13"><![CDATA[帖子高亮]]></item>
				<item id="vipcenter_htm_15"><![CDATA[只要發帖就是高亮]]></item>
				<item id="vipcenter_htm_16"><![CDATA[全部特權]]></item>
				<item id="vipcenter_htm_17"><![CDATA[尊貴的會員，您現在享受以下特權。為了防止您的成長值減少，請及時續費。]]></item>
				<item id="vipcenter_htm_19"><![CDATA[您目前還不是會員，不能享受以下特權。]]></item>
				<item id="mylevel_htm_9"><![CDATA[。在目前的成長階段，您享受以下的特權。為了防止您的成長值減少，請及時續費。]]></item>
				<item id="vip_sidebar_htm_1"><![CDATA[歡迎您！]]></item>
				<item id="vip_sidebar_htm_2"><![CDATA[您還不是會員]]></item>
				<item id="vip_sidebar_htm_3"><![CDATA[成長速度]]></item>
				<item id="vip_sidebar_htm_4"><![CDATA[點]]></item>
				<item id="vip_sidebar_htm_5"><![CDATA[天]]></item>
				<item id="vip_sidebar_htm_6"><![CDATA[對不起，您還不是會員]]></item>
				<item id="vip_sidebar_htm_7"><![CDATA[暫時無法享受會員特權。]]></item>
				<item id="vip_sidebar_htm_8"><![CDATA[個人中心]]></item>
				<item id="paycenter_buy_htm_3"><![CDATA[個月的 VIP 服務。]]></item>
				<item id="paycenter_buy_htm_4"><![CDATA[積分充值]]></item>
				<item id="vipcenter_htm_2"><![CDATA[，您將升級至]]></item>
				<item id="vipcenter_htm_20"><![CDATA[為了防止您的成長值減少，請及時續費。]]></item>
				<item id="vip_top_htm_1"><![CDATA[已經有這麼多會員加入了，還不趕緊加入？]]></item>
				<item id="vip_top_htm_2"><![CDATA[會員名]]></item>
				<item id="vip_top_htm_3"><![CDATA[成長值]]></item>
				<item id="vip_top_htm_4"><![CDATA[會員等級]]></item>
				<item id="new_vip_htm_5"><![CDATA[開通時間]]></item>
				<item id="paycenter_htm_2"><![CDATA[抵價券：]]></item>
				<item id="paycenter_htm_5"><![CDATA[優惠價格：]]></item>
			</item>
		</item>
		<item id="installfile"><![CDATA[install.php]]></item>
		<item id="uninstallfile"><![CDATA[uninstall.php]]></item>
		<item id="upgradefile"><![CDATA[upgrade.php]]></item>
		<item id="license"><![CDATA[[list]
[*]本插件版權歸屬插件作者,及其下屬Discuz! Student Union團隊所有.
[*]未經插件作者許可,任何人不得以任何形式在任何地方發佈/轉發原版以及其衍生的修改版.
[*][b]插件作者:[/b]kookxiang
[*]如有任何關於使用上的疑問,請至[url]http://www.dsu.cc/forum-44-1.html[/url]提出.
[*]最後,感謝您使用我們的插件,也希望您能夠給我們DSU團隊提供更好的意見([url=http://www.dsu.cc/]請點擊這裡進入DSU團隊官方站點[/url]).
[/list]]]></item>
	</item>
</root>