﻿<?xml version="1.0" encoding="ISO-8859-1"?>
<root>
	<item id="Title"><![CDATA[Discuz! Plugin]]></item>
	<item id="Version"><![CDATA[X1]]></item>
	<item id="Time"><![CDATA[2010-08-25 10:56]]></item>
	<item id="From"><![CDATA[KK 插件演示站 (http://demo.kookxiang.com/)]]></item>
	<item id="Data">
		<item id="plugin">
			<item id="available"><![CDATA[1]]></item>
			<item id="adminid"><![CDATA[1]]></item>
			<item id="name"><![CDATA[[DSU] VIP中心]]></item>
			<item id="identifier"><![CDATA[dsu_kkvip]]></item>
			<item id="description"><![CDATA[]]></item>
			<item id="datatables"><![CDATA[]]></item>
			<item id="directory"><![CDATA[dsu_kkvip/]]></item>
			<item id="copyright"><![CDATA[kookxiang @ DSU.Team]]></item>
			<item id="version"><![CDATA[0.5]]></item>
			<item id="__modules">
				<item id="0">
					<item id="name"><![CDATA[vip]]></item>
					<item id="menu"><![CDATA[]]></item>
					<item id="url"><![CDATA[]]></item>
					<item id="type"><![CDATA[11]]></item>
					<item id="adminid"><![CDATA[0]]></item>
					<item id="displayorder"><![CDATA[-1]]></item>
				</item>
				<item id="1">
					<item id="name"><![CDATA[main]]></item>
					<item id="menu"><![CDATA[会员/VIP]]></item>
					<item id="url"><![CDATA[vip.php]]></item>
					<item id="type"><![CDATA[1]]></item>
					<item id="adminid"><![CDATA[0]]></item>
					<item id="displayorder"><![CDATA[0]]></item>
				</item>
				<item id="2">
					<item id="name"><![CDATA[edit_group]]></item>
					<item id="menu"><![CDATA[VIP权限]]></item>
					<item id="url"><![CDATA[]]></item>
					<item id="type"><![CDATA[3]]></item>
					<item id="adminid"><![CDATA[0]]></item>
					<item id="displayorder"><![CDATA[0]]></item>
				</item>
				<item id="3">
					<item id="name"><![CDATA[tools]]></item>
					<item id="menu"><![CDATA[管理工具]]></item>
					<item id="url"><![CDATA[]]></item>
					<item id="type"><![CDATA[3]]></item>
					<item id="adminid"><![CDATA[0]]></item>
					<item id="displayorder"><![CDATA[1]]></item>
				</item>
				<item id="4">
					<item id="name"><![CDATA[discount]]></item>
					<item id="menu"><![CDATA[抵价券]]></item>
					<item id="url"><![CDATA[]]></item>
					<item id="type"><![CDATA[3]]></item>
					<item id="adminid"><![CDATA[0]]></item>
					<item id="displayorder"><![CDATA[2]]></item>
				</item>
				<item id="5">
					<item id="name"><![CDATA[check]]></item>
					<item id="menu"><![CDATA[过期检查]]></item>
					<item id="url"><![CDATA[]]></item>
					<item id="type"><![CDATA[3]]></item>
					<item id="adminid"><![CDATA[0]]></item>
					<item id="displayorder"><![CDATA[3]]></item>
				</item>
				<item id="6">
					<item id="name"><![CDATA[plugin]]></item>
					<item id="menu"><![CDATA[接口设定]]></item>
					<item id="url"><![CDATA[]]></item>
					<item id="type"><![CDATA[3]]></item>
					<item id="adminid"><![CDATA[0]]></item>
					<item id="displayorder"><![CDATA[4]]></item>
				</item>
			</item>
		</item>
		<item id="version"><![CDATA[X1]]></item>
		<item id="var">
			<item id="0">
				<item id="displayorder"><![CDATA[92]]></item>
				<item id="title"><![CDATA[续费折扣]]></item>
				<item id="description"><![CDATA[无需输入小数点，例如：8折输入8，75折输入75]]></item>
				<item id="variable"><![CDATA[vip_discount2]]></item>
				<item id="type"><![CDATA[number]]></item>
				<item id="value"><![CDATA[65]]></item>
				<item id="extra"><![CDATA[]]></item>
			</item>
			<item id="1">
				<item id="displayorder"><![CDATA[91]]></item>
				<item id="title"><![CDATA[购买VIP折扣]]></item>
				<item id="description"><![CDATA[无需输入小数点，例如：8折输入8，75折输入75]]></item>
				<item id="variable"><![CDATA[vip_discount]]></item>
				<item id="type"><![CDATA[number]]></item>
				<item id="value"><![CDATA[65]]></item>
				<item id="extra"><![CDATA[]]></item>
			</item>
			<item id="2">
				<item id="displayorder"><![CDATA[90]]></item>
				<item id="title"><![CDATA[购买VIP折扣用户组]]></item>
				<item id="description"><![CDATA[]]></item>
				<item id="variable"><![CDATA[vip_discount_group]]></item>
				<item id="type"><![CDATA[groups]]></item>
				<item id="extra"><![CDATA[]]></item>
				<item id="__value">
					<item id="0"><![CDATA[1]]></item>
					<item id="1"><![CDATA[2]]></item>
					<item id="2"><![CDATA[3]]></item>
				</item>
			</item>
			<item id="3">
				<item id="displayorder"><![CDATA[3]]></item>
				<item id="title"><![CDATA[消耗积分类型]]></item>
				<item id="description"><![CDATA[]]></item>
				<item id="variable"><![CDATA[vip_creditid]]></item>
				<item id="type"><![CDATA[extcredit]]></item>
				<item id="value"><![CDATA[2]]></item>
				<item id="extra"><![CDATA[]]></item>
			</item>
			<item id="4">
				<item id="displayorder"><![CDATA[6]]></item>
				<item id="title"><![CDATA[是否开启会员去广告]]></item>
				<item id="description"><![CDATA[]]></item>
				<item id="variable"><![CDATA[vip_noad]]></item>
				<item id="type"><![CDATA[radio]]></item>
				<item id="value"><![CDATA[1]]></item>
				<item id="extra"><![CDATA[]]></item>
			</item>
			<item id="5">
				<item id="displayorder"><![CDATA[11]]></item>
				<item id="title"><![CDATA[VIP特权介绍]]></item>
				<item id="description"><![CDATA[]]></item>
				<item id="variable"><![CDATA[vip_intro]]></item>
				<item id="type"><![CDATA[textarea]]></item>
				<item id="value"><![CDATA[屏蔽广告
免费下载论坛附件
免费下载收费附件
帖子不用购买即可查看
VIP帖子高亮
帖内红名特效
发帖免审核]]></item>
				<item id="extra"><![CDATA[]]></item>
			</item>
			<item id="6">
				<item id="displayorder"><![CDATA[7]]></item>
				<item id="title"><![CDATA[是否开启帖内VIP红名显示]]></item>
				<item id="description"><![CDATA[]]></item>
				<item id="variable"><![CDATA[vip_redname]]></item>
				<item id="type"><![CDATA[radio]]></item>
				<item id="value"><![CDATA[1]]></item>
				<item id="extra"><![CDATA[]]></item>
			</item>
			<item id="7">
				<item id="displayorder"><![CDATA[2]]></item>
				<item id="title"><![CDATA[VIP每月消耗积分]]></item>
				<item id="description"><![CDATA[]]></item>
				<item id="variable"><![CDATA[vip_cost]]></item>
				<item id="type"><![CDATA[number]]></item>
				<item id="value"><![CDATA[30]]></item>
				<item id="extra"><![CDATA[]]></item>
			</item>
			<item id="8">
				<item id="displayorder"><![CDATA[1]]></item>
				<item id="title"><![CDATA[VIP用户组]]></item>
				<item id="description"><![CDATA[]]></item>
				<item id="variable"><![CDATA[vip_group]]></item>
				<item id="type"><![CDATA[group]]></item>
				<item id="value"><![CDATA[20]]></item>
				<item id="extra"><![CDATA[]]></item>
			</item>
			<item id="9">
				<item id="displayorder"><![CDATA[12]]></item>
				<item id="title"><![CDATA[会员每天成长值]]></item>
				<item id="description"><![CDATA[]]></item>
				<item id="variable"><![CDATA[vip_czzday]]></item>
				<item id="type"><![CDATA[number]]></item>
				<item id="value"><![CDATA[50]]></item>
				<item id="extra"><![CDATA[]]></item>
			</item>
			<item id="10">
				<item id="displayorder"><![CDATA[13]]></item>
				<item id="title"><![CDATA[会员过期后每天扣除成长值]]></item>
				<item id="description"><![CDATA[]]></item>
				<item id="variable"><![CDATA[vip_czzday2]]></item>
				<item id="type"><![CDATA[number]]></item>
				<item id="value"><![CDATA[10]]></item>
				<item id="extra"><![CDATA[]]></item>
			</item>
			<item id="11">
				<item id="displayorder"><![CDATA[9]]></item>
				<item id="title"><![CDATA[是否开启VIP帖子加粗高亮]]></item>
				<item id="description"><![CDATA[]]></item>
				<item id="variable"><![CDATA[vip_threadblod]]></item>
				<item id="type"><![CDATA[radio]]></item>
				<item id="value"><![CDATA[1]]></item>
				<item id="extra"><![CDATA[]]></item>
			</item>
			<item id="12">
				<item id="displayorder"><![CDATA[10]]></item>
				<item id="title"><![CDATA[高亮颜色]]></item>
				<item id="description"><![CDATA[]]></item>
				<item id="variable"><![CDATA[vip_threadblod_color]]></item>
				<item id="type"><![CDATA[color]]></item>
				<item id="value"><![CDATA[blue]]></item>
				<item id="extra"><![CDATA[]]></item>
			</item>
			<item id="13">
				<item id="displayorder"><![CDATA[8]]></item>
				<item id="title"><![CDATA[帖子左侧是否显示VIP成长值]]></item>
				<item id="description"><![CDATA[]]></item>
				<item id="variable"><![CDATA[show_vip_czz]]></item>
				<item id="type"><![CDATA[radio]]></item>
				<item id="value"><![CDATA[1]]></item>
				<item id="extra"><![CDATA[]]></item>
			</item>
			<item id="14">
				<item id="displayorder"><![CDATA[4]]></item>
				<item id="title"><![CDATA[支付中心显示快速充值按钮]]></item>
				<item id="description"><![CDATA[要求：交易积分就是VIP消耗积分，站点开通“电子商务”功能，支持积分充值。]]></item>
				<item id="variable"><![CDATA[show_buy_btn]]></item>
				<item id="type"><![CDATA[radio]]></item>
				<item id="value"><![CDATA[1]]></item>
				<item id="extra"><![CDATA[]]></item>
			</item>
			<item id="15">
				<item id="displayorder"><![CDATA[5]]></item>
				<item id="title"><![CDATA[是否开启折扣系统]]></item>
				<item id="description"><![CDATA[]]></item>
				<item id="variable"><![CDATA[discount_code]]></item>
				<item id="type"><![CDATA[radio]]></item>
				<item id="value"><![CDATA[0]]></item>
				<item id="extra"><![CDATA[]]></item>
			</item>
		</item>
		<item id="language">
			<item id="scriptlang">
				<item id="buy_succeed"><![CDATA[成功购买了 {month} 个月的 VIP 服务！]]></item>
				<item id="give_succeed"><![CDATA[成功购买了 {month} 个月的 VIP 服务给用户“{giveto}”！]]></item>
				<item id="buy_nomoney"><![CDATA[对不起，您的积分不足！]]></item>
				<item id="jumping"><![CDATA[</h4><h4 class="infotitle1">正在处理数据，请稍候...</h4><img src="static/image/admincp/ajax_loader.gif" class="marginbot" />]]></item>
				<item id="check_succeed"><![CDATA[检查完成！<br>共处理了 {sum} 个到期的 VIP。]]></item>
				<item id="vip_level"><![CDATA[VIP等级]]></item>
				<item id="vip_czz"><![CDATA[成长值]]></item>
				<item id="no_time"><![CDATA[管理员手动开通]]></item>
				<item id="saved_1"><![CDATA[保存成功！当前状态：VIP功能开启]]></item>
				<item id="saved_0"><![CDATA[保存成功！当前状态：VIP功能关闭]]></item>
				<item id="usevip_yes"><![CDATA[当前状态：VIP功能开启]]></item>
				<item id="usevip_no"><![CDATA[当前状态：VIP功能关闭]]></item>
				<item id="uid_not_exists"><![CDATA[找不到该用户！]]></item>
				<item id="uid_not_exists_return"><![CDATA[找不到该用户，请返回修改！]]></item>
				<item id="notification_1"><![CDATA[由于您是今天第一个签到的，系统赠送您 {days} 天 VIP 服务体验期，体验期过，欢迎续费！]]></item>
				<item id="notification_2"><![CDATA[由于您是今天第 {num} 个签到的，系统赠送您 VIP 成长值 {czz} ，感谢您使用 VIP 服务！]]></item>
				<item id="notification_give"><![CDATA[您的朋友 {username} 帮您开通了 {month} 个月的 VIP 服务，还不快感谢他？]]></item>
				<item id="plugin_inc_php_1"><![CDATA[保存成功！]]></item>
				<item id="plugin_inc_php_2"><![CDATA[使用此接口]]></item>
				<item id="plugin_inc_php_3"><![CDATA[签到第一名赠送 VIP 天数]]></item>
				<item id="plugin_inc_php_4"><![CDATA[前几楼赠送成长值]]></item>
				<item id="plugin_inc_php_5"><![CDATA[赠送成长值数额]]></item>
				<item id="plugin_inc_php_6"><![CDATA[接口设定 - [DSU] 每日签到]]></item>
				<item id="plugin_inc_php_7"><![CDATA[测试下]]></item>
				<item id="tools_inc_php_1"><![CDATA[开通 VIP 成功，请返回进行其他操作]]></item>
				<item id="tools_inc_php_2"><![CDATA[添加成长值成功，请返回进行其他操作]]></item>
				<item id="tools_inc_php_3"><![CDATA[执行操作]]></item>
				<item id="tools_inc_php_4"><![CDATA[搜索结果]]></item>
				<item id="tools_inc_php_5"><![CDATA[为所选用户开通/续费 VIP 服务]]></item>
				<item id="tools_inc_php_6"><![CDATA[开通时长]]></item>
				<item id="tools_inc_php_7"><![CDATA[为所选会员增加成长值]]></item>
				<item id="tools_inc_php_8"><![CDATA[增加成长值数目]]></item>
				<item id="tools_inc_php_9"><![CDATA[工具箱]]></item>
				<item id="tools_inc_php_10"><![CDATA[共搜索到]]></item>
				<item id="tools_inc_php_11"><![CDATA[名符合条件的用户。]]></item>
				<item id="discount_inc_php_2"><![CDATA[抵价券管理 - 使用记录]]></item>
				<item id="discount_inc_php_3"><![CDATA[用户名]]></item>
				<item id="discount_inc_php_4"><![CDATA[抵价券代码]]></item>
				<item id="discount_inc_php_5"><![CDATA[时间]]></item>
				<item id="discount_inc_php_6"><![CDATA[折扣价值]]></item>
				<item id="discount_inc_php_7"><![CDATA[清理]]></item>
				<item id="discount_inc_php_8"><![CDATA[抵价券管理]]></item>
				<item id="discount_inc_php_9"><![CDATA[论坛代码]]></item>
				<item id="discount_inc_php_11"><![CDATA[返回]]></item>
				<item id="discount_inc_php_12"><![CDATA[刷新]]></item>
				<item id="discount_inc_php_13"><![CDATA[系统自动生成]]></item>
				<item id="discount_inc_php_15"><![CDATA[抵价券]]></item>
				<item id="discount_inc_php_16"><![CDATA[折扣码]]></item>
				<item id="discount_inc_php_17"><![CDATA[添加抵价券]]></item>
				<item id="discount_inc_php_18"><![CDATA[抵价券使用记录]]></item>
				<item id="vip_class_php_2"><![CDATA[（未使用）：]]></item>
				<item id="vip_class_php_4"><![CDATA[（已使用）：]]></item>
				<item id="tools_inc_php_12"><![CDATA[删除成功，请返回进行其他操作]]></item>
				<item id="tools_inc_php_13"><![CDATA[删除该用户 VIP 资格]]></item>
				<item id="tools_inc_php_14"><![CDATA[确认]]></item>
			</item>
			<item id="templatelang">
				<item id="vip_center"><![CDATA[会员中心]]></item>
				<item id="vip_index"><![CDATA[会员首页]]></item>
				<item id="vip_pay"><![CDATA[开通会员]]></item>
				<item id="vip_pay2"><![CDATA[续费会员]]></item>
				<item id="vip_pay_give"><![CDATA[帮好友开通]]></item>
				<item id="vip_mylevel"><![CDATA[我的成长信息]]></item>
				<item id="new_vip"><![CDATA[会员新兵]]></item>
				<item id="vip_top"><![CDATA[会员排行]]></item>
				<item id="vip_usevip"><![CDATA[VIP服务开关]]></item>
				<item id="side_dh"><![CDATA[VIP导航]]></item>
				<item id="mylevel_my_level"><![CDATA[您目前是论坛会员]]></item>
				<item id="mylevel_czz"><![CDATA[您的成长值为：]]></item>
				<item id="mylevel_czz_add"><![CDATA[根据论坛相关规则，您的成长值每天增加：]]></item>
				<item id="mylevel_czz_lost"><![CDATA[根据论坛相关规则，由于您的 VIP 权限已到期，您的成长值每天将减少：]]></item>
				<item id="my_info"><![CDATA[我的会员信息]]></item>
				<item id="my_info_exptime"><![CDATA[VIP 到期时间：]]></item>
				<item id="my_info_level"><![CDATA[VIP 当前等级：]]></item>
				<item id="my_info_czz"><![CDATA[VIP 成长值：]]></item>
				<item id="welcome_expiretime"><![CDATA[您的会员到期时间：]]></item>
				<item id="welcome_vip"><![CDATA[欢迎来到会员中心! 尊敬的会员 ]]></item>
				<item id="welcome_vip2"><![CDATA[您尊享以下优惠和特权：]]></item>
				<item id="welcome_novip"><![CDATA[欢迎来到会员中心! 尊敬的用户 ]]></item>
				<item id="welcome_novip2"><![CDATA[现在成为会员，您可以享受以下优惠和特权：]]></item>
				<item id="exptime"><![CDATA[续费时长 (月)：]]></item>
				<item id="discounted"><![CDATA[(折后价)]]></item>
				<item id="cost"><![CDATA[使用 VIP 会员服务您每月需支付]]></item>
				<item id="cost2"><![CDATA[一旦您确认开通服务，相应积分将不能返还。请您慎重选择！]]></item>
				<item id="cost_js"><![CDATA[使用 VIP 会员服务您每月需支付论坛积分！\n一旦您确认开通服务，相应积分将不能返还。\n\n您确定要开通？]]></item>
				<item id="buytime"><![CDATA[开通时长 (月)：]]></item>
				<item id="saving"><![CDATA[正在保存设置...]]></item>
				<item id="tips"><![CDATA[<li>本功能仅供管理员测试非VIP功能时使用.</li>
<li>关闭VIP功能后到期时间不改变.</li>]]></item>
				<item id="paycenter_buy_htm_1"><![CDATA[您当前共有]]></item>
				<item id="paycenter_buy_htm_2"><![CDATA[，最多可购买]]></item>
				<item id="paycenter_buy_htm_5"><![CDATA[付费账号：]]></item>
				<item id="paycenter_buy_htm_6"><![CDATA[开通账号：]]></item>
				<item id="buyto"><![CDATA[要开通账号的 UID：]]></item>
				<item id="paycenter_htm_1"><![CDATA[续费账号：]]></item>
				<item id="paycenter_htm_3"><![CDATA[尊贵的会员，您的成长阶段为]]></item>
				<item id="paycenter_htm_4"><![CDATA[。在目前的成长阶段，您享受以下的特权。]]></item>
				<item id="vipcenter_htm_1"><![CDATA[持续使用会员服务到]]></item>
				<item id="vipcenter_htm_3"><![CDATA[您还不是会员，加入会员享受]]></item>
				<item id="vipcenter_htm_4"><![CDATA[尊贵特权]]></item>
				<item id="vipcenter_htm_5"><![CDATA[。]]></item>
				<item id="vipcenter_htm_7"><![CDATA[去除广告]]></item>
				<item id="vipcenter_htm_9"><![CDATA[网站所有广告均可去除]]></item>
				<item id="vipcenter_htm_10"><![CDATA[红名显示]]></item>
				<item id="vipcenter_htm_12"><![CDATA[名称红色尊贵显示]]></item>
				<item id="vipcenter_htm_13"><![CDATA[帖子高亮]]></item>
				<item id="vipcenter_htm_15"><![CDATA[只要发帖就是高亮]]></item>
				<item id="vipcenter_htm_16"><![CDATA[全部特权]]></item>
				<item id="vipcenter_htm_17"><![CDATA[尊贵的会员，您现在享受以下特权。为了防止您的成长值减少，请及时续费。]]></item>
				<item id="vipcenter_htm_19"><![CDATA[您目前还不是会员，不能享受以下特权。]]></item>
				<item id="mylevel_htm_9"><![CDATA[。在目前的成长阶段，您享受以下的特权。为了防止您的成长值减少，请及时续费。]]></item>
				<item id="vip_sidebar_htm_1"><![CDATA[欢迎您！]]></item>
				<item id="vip_sidebar_htm_2"><![CDATA[您还不是会员]]></item>
				<item id="vip_sidebar_htm_3"><![CDATA[成长速度]]></item>
				<item id="vip_sidebar_htm_4"><![CDATA[点]]></item>
				<item id="vip_sidebar_htm_5"><![CDATA[天]]></item>
				<item id="vip_sidebar_htm_6"><![CDATA[对不起，您还不是会员]]></item>
				<item id="vip_sidebar_htm_7"><![CDATA[暂时无法享受会员特权。]]></item>
				<item id="vip_sidebar_htm_8"><![CDATA[个人中心]]></item>
				<item id="paycenter_buy_htm_3"><![CDATA[个月的 VIP 服务。]]></item>
				<item id="paycenter_buy_htm_4"><![CDATA[积分充值]]></item>
				<item id="vipcenter_htm_2"><![CDATA[，您将升级至]]></item>
				<item id="vipcenter_htm_20"><![CDATA[为了防止您的成长值减少，请及时续费。]]></item>
				<item id="vip_top_htm_1"><![CDATA[已经有这么多会员加入了，还不赶紧加入？]]></item>
				<item id="vip_top_htm_2"><![CDATA[会员名]]></item>
				<item id="vip_top_htm_3"><![CDATA[成长值]]></item>
				<item id="vip_top_htm_4"><![CDATA[会员等级]]></item>
				<item id="new_vip_htm_5"><![CDATA[开通时间]]></item>
				<item id="paycenter_htm_2"><![CDATA[抵价券：]]></item>
				<item id="paycenter_htm_5"><![CDATA[优惠价格：]]></item>
			</item>
		</item>
		<item id="installfile"><![CDATA[install.php]]></item>
		<item id="uninstallfile"><![CDATA[uninstall.php]]></item>
		<item id="upgradefile"><![CDATA[upgrade.php]]></item>
		<item id="license"><![CDATA[[list]
[*]本插件版权归属插件作者,及其下属Discuz! Student Union团队所有.
[*]未经插件作者许可,任何人不得以任何形式在任何地方发布/转发原版以及其衍生的修改版.
[*][b]插件作者:[/b]kookxiang
[*]如有任何关于使用上的疑问,请至[url]http://www.dsu.cc/forum-44-1.html[/url]提出.
[*]最后,感谢您使用我们的插件,也希望您能够给我们DSU团队提供更好的意见([url=http://www.dsu.cc/]请点击这里进入DSU团队官方站点[/url]).
[/list]]]></item>
	</item>
</root>