﻿<?xml version="1.0" encoding="ISO-8859-1"?>
<root>
	<item id="Title"><![CDATA[Discuz! Plugin]]></item>
	<item id="Version"><![CDATA[X1.5]]></item>
	<item id="Time"><![CDATA[2010-08-13 13:30]]></item>
	<item id="From"><![CDATA[KK 插件演示站 (http://demo.kookxiang.com/)]]></item>
	<item id="Data">
		<item id="plugin">
			<item id="available"><![CDATA[1]]></item>
			<item id="adminid"><![CDATA[1]]></item>
			<item id="name"><![CDATA[[DSU] 友情鏈接]]></item>
			<item id="identifier"><![CDATA[dsu_kklinks]]></item>
			<item id="description"><![CDATA[添加一個申請按鈕的方法：
新建一個友情鏈接，地址為「plugin.php?id=dsu_kklinks:addlink」，其他內容您可以自定義，程序會自動轉換成AJAX彈窗。]]></item>
			<item id="datatables"><![CDATA[]]></item>
			<item id="directory"><![CDATA[dsu_kklinks/]]></item>
			<item id="copyright"><![CDATA[kookxiang]]></item>
			<item id="version"><![CDATA[0.6]]></item>
			<item id="__modules">
				<item id="0">
					<item id="name"><![CDATA[hooks]]></item>
					<item id="menu"><![CDATA[]]></item>
					<item id="url"><![CDATA[]]></item>
					<item id="type"><![CDATA[11]]></item>
					<item id="adminid"><![CDATA[0]]></item>
					<item id="displayorder"><![CDATA[1]]></item>
				</item>
				<item id="1">
					<item id="name"><![CDATA[admincp]]></item>
					<item id="menu"><![CDATA[審核友情鏈接]]></item>
					<item id="url"><![CDATA[]]></item>
					<item id="type"><![CDATA[3]]></item>
					<item id="adminid"><![CDATA[0]]></item>
					<item id="displayorder"><![CDATA[0]]></item>
				</item>
				<item id="2">
					<item id="name"><![CDATA[links_check]]></item>
					<item id="menu"><![CDATA[檢測友情鏈接]]></item>
					<item id="url"><![CDATA[]]></item>
					<item id="type"><![CDATA[3]]></item>
					<item id="adminid"><![CDATA[0]]></item>
					<item id="displayorder"><![CDATA[1]]></item>
				</item>
			</item>
		</item>
		<item id="Version"><![CDATA[X1.5]]></item>
		<item id="var">
			<item id="0">
				<item id="displayorder"><![CDATA[0]]></item>
				<item id="title"><![CDATA[友情鏈接申請板塊]]></item>
				<item id="description"><![CDATA[必填！否則會導致出錯！！]]></item>
				<item id="variable"><![CDATA[forum]]></item>
				<item id="type"><![CDATA[forum]]></item>
				<item id="value"><![CDATA[36]]></item>
				<item id="extra"><![CDATA[]]></item>
			</item>
			<item id="1">
				<item id="displayorder"><![CDATA[1]]></item>
				<item id="title"><![CDATA[友情鏈接申請板塊禁止發佈其他帖子]]></item>
				<item id="description"><![CDATA[]]></item>
				<item id="variable"><![CDATA[lockforum]]></item>
				<item id="type"><![CDATA[radio]]></item>
				<item id="value"><![CDATA[1]]></item>
				<item id="extra"><![CDATA[]]></item>
			</item>
			<item id="2">
				<item id="displayorder"><![CDATA[2]]></item>
				<item id="title"><![CDATA[申請須知]]></item>
				<item id="description"><![CDATA[]]></item>
				<item id="variable"><![CDATA[readme]]></item>
				<item id="type"><![CDATA[textarea]]></item>
				<item id="value"><![CDATA[測試~

測試~

測試~

測試~

測試~]]></item>
				<item id="extra"><![CDATA[]]></item>
			</item>
			<item id="3">
				<item id="displayorder"><![CDATA[5]]></item>
				<item id="title"><![CDATA[申請時是否檢測對方鏈接狀態]]></item>
				<item id="description"><![CDATA[]]></item>
				<item id="variable"><![CDATA[check_link]]></item>
				<item id="type"><![CDATA[radio]]></item>
				<item id="value"><![CDATA[1]]></item>
				<item id="extra"><![CDATA[]]></item>
			</item>
			<item id="4">
				<item id="displayorder"><![CDATA[4]]></item>
				<item id="title"><![CDATA[本站地址]]></item>
				<item id="description"><![CDATA[不用加www，例如feiba.net]]></item>
				<item id="variable"><![CDATA[dzurl]]></item>
				<item id="type"><![CDATA[text]]></item>
				<item id="value"><![CDATA[kookxiang.com]]></item>
				<item id="extra"><![CDATA[]]></item>
			</item>
			<item id="5">
				<item id="displayorder"><![CDATA[6]]></item>
				<item id="title"><![CDATA[黑名單網站]]></item>
				<item id="description"><![CDATA[在此列表中的網站禁止申請友情鏈接, 一行一個（域名）]]></item>
				<item id="variable"><![CDATA[blacklist]]></item>
				<item id="type"><![CDATA[textarea]]></item>
				<item id="value"><![CDATA[.ru
.tk]]></item>
				<item id="extra"><![CDATA[]]></item>
			</item>
			<item id="6">
				<item id="displayorder"><![CDATA[3]]></item>
				<item id="title"><![CDATA[申請須知強制閱讀時間]]></item>
				<item id="description"><![CDATA[單位：秒，0為不強制閱讀]]></item>
				<item id="variable"><![CDATA[countdown]]></item>
				<item id="type"><![CDATA[number]]></item>
				<item id="value"><![CDATA[10]]></item>
				<item id="extra"><![CDATA[]]></item>
			</item>
		</item>
		<item id="language">
			<item id="scriptlang">
				<item id="menu1"><![CDATA[網站名稱]]></item>
				<item id="menu2"><![CDATA[網站地址]]></item>
				<item id="menu3"><![CDATA[網站Logo]]></item>
				<item id="menu4"><![CDATA[網站介紹]]></item>
				<item id="menu5"><![CDATA[其他信息]]></item>
				<item id="menu6"><![CDATA[管理操作]]></item>
				<item id="menu7"><![CDATA[對方狀態]]></item>
				<item id="addlink"><![CDATA[申請友情鏈接]]></item>
				<item id="mod_link"><![CDATA[審核友情鏈接]]></item>
				<item id="mod_msg_error"><![CDATA[審核失敗提示]]></item>
				<item id="mod_msg_succeed"><![CDATA[審核成功提示]]></item>
				<item id="del_succeed"><![CDATA[刪除友情鏈接成功！]]></item>
				<item id="no_need"><![CDATA[沒有需要審核的友情鏈接！]]></item>
				<item id="mod_no_need"><![CDATA[該友情鏈接已經審核！]]></item>
				<item id="action_succeed"><![CDATA[審核友情鏈接成功！]]></item>
				<item id="need_more"><![CDATA[表單填寫不完整，請返回修改。]]></item>
				<item id="submit_succeed"><![CDATA[提交成功！請耐心等待審核]]></item>
				<item id="no_link"><![CDATA[請先在您的網站上放置我們的鏈接！]]></item>
				<item id="mod_msg_succeed_example"><![CDATA[恭喜，友情鏈接申請通過！]]></item>
				<item id="can_not_post"><![CDATA[請進入友情鏈接申請頁面提交你的申請。]]></item>
				<item id="blacklisted"><![CDATA[您的網站在黑名單列表中，請與管理員聯繫！]]></item>
				<item id="mod_msg_error_example"><![CDATA[友情鏈接申請失敗，管理員留言：]]></item>
				<item id="can_not_post_link"><![CDATA[<a href="plugin.php?id=dsu_kklinks:addlink" onclick="showWindow('dsu_kklinks', this.href)"><font color="red">單擊這裡</font>提交你的申請</a>]]></item>
				<item id="status_ok"><![CDATA[<img src="static/image/common/data_valid.gif" /> <font color="green"><b>有本站鏈接</b></font>]]></item>
				<item id="status_no"><![CDATA[<img src="static/image/common/data_invalid.gif" /> <font color="red"><b>沒有本站鏈接</b></font>]]></item>
				<item id="status_not"><![CDATA[<img src="static/image/common/access_disallow.gif" /> 您的服務器不支持]]></item>
				<item id="action_del"><![CDATA[<a href="admin.php?{base_link}&delid={id}&formhash={formhash}" onclick="if(!confirm('確認刪除？\n\n(此操作不可恢復，請謹慎操作！)')){return false;}">刪除</a>]]></item>
				<item id="tips"><![CDATA[
<li>由於服務器帶寬限制，檢測速度<b>可能較慢</b>。</li>
<li>某些服務器偶爾會出現檢測出錯問題，<b>請您多試幾次</b>。</li>
<li><b>請謹慎使用「刪除」功能</b>！</li>]]></item>
				<item id="admin_action"><![CDATA[
<a href="admin.php?{base_link}&doadd=yes&id={id}">通過</a> | 
<a href="admin.php?{base_link}&dodel=yes&id={id}">拒絕</a>]]></item>
				<item id="message"><![CDATA[您好，我是 {sitename} 的站長，現在向貴站提出友情鏈接申請。
我們已經添加了您的鏈接，以下為我站的鏈接信息，請管理員審核。
[quote]網站名稱：{sitename}
網站地址：[url]{url}[/url]
Logo地址：[url]{logo}[/url]
[img]{logo}[/img]
網站介紹：{introduce}
其他信息：{other_info}
[/quote]
請管理員審核，謝謝]]></item>
				<item id="jumping"><![CDATA[</h4><h4 class="infotitle1">正在處理數據，請稍候...</h4><img src="static/image/admincp/ajax_loader.gif" class="marginbot" />]]></item>
				<item id="error_exist1"><![CDATA[鏈接已經存在，請勿重複提交！]]></item>
				<item id="error_exist2"><![CDATA[您已經提交過了，請耐心等待審核！]]></item>
			</item>
			<item id="templatelang">
				<item id="links"><![CDATA[友情鏈接]]></item>
				<item id="title"><![CDATA[申請友情鏈接]]></item>
				<item id="readme"><![CDATA[友情鏈接申請須知]]></item>
				<item id="readme_back"><![CDATA[申請須知]]></item>
				<item id="link"><![CDATA[友情鏈接]]></item>
				<item id="addlink"><![CDATA[申請友情鏈接]]></item>
				<item id="cancle"><![CDATA[取消申請]]></item>
				<item id="addlink_form"><![CDATA[申請表單]]></item>
				<item id="sitename"><![CDATA[網站名稱]]></item>
				<item id="url"><![CDATA[網站地址]]></item>
				<item id="logo"><![CDATA[Logo地址]]></item>
				<item id="introduce"><![CDATA[網站介紹]]></item>
				<item id="other_info"><![CDATA[其他信息]]></item>
				<item id="submit"><![CDATA[確認提交]]></item>
				<item id="continue"><![CDATA[確認繼續]]></item>
			</item>
		</item>
		<item id="installfile"><![CDATA[install.php]]></item>
		<item id="uninstallfile"><![CDATA[stat.php]]></item>
		<item id="upgradefile"><![CDATA[stat.php]]></item>
		<item id="license"><![CDATA[[list]
[*]本插件版權歸屬插件作者,及其下屬Discuz! Student Union團隊所有.
[*]未經插件作者許可,任何人不得以任何形式在任何地方發佈/轉發原版以及其衍生的修改版.
[*][b]插件作者:[/b]kookxiang
[*][b]作品簡介:[/b]友情連接發帖申請，帶後台審核和鏈接檢測功能.
[*]如有任何關於使用上的疑問,請至[url]http://www.dsu.cc/forum-44-1.html[/url]提出.
[*][color=Red]如果您願意資助我們,請至[url]http://www.dsu.cc/donate.php[/url]對我們進行贊助.[/color]
[*]最後,感謝您使用我們的插件,也希望您能夠給我們DSU團隊提供更好的意見([url=http://www.dsu.cc/]請點擊這裡進入DSU團隊官方站點[/url]).
[/list]]]></item>
	</item>
</root>