﻿<?xml version="1.0" encoding="ISO-8859-1"?>
<root>
	<item id="Title"><![CDATA[Discuz! Plugin]]></item>
	<item id="Version"><![CDATA[X1.5]]></item>
	<item id="Time"><![CDATA[2010-08-13 13:30]]></item>
	<item id="From"><![CDATA[KK 插件演示站 (http://demo.kookxiang.com/)]]></item>
	<item id="Data">
		<item id="plugin">
			<item id="available"><![CDATA[1]]></item>
			<item id="adminid"><![CDATA[1]]></item>
			<item id="name"><![CDATA[[DSU] 友情链接]]></item>
			<item id="identifier"><![CDATA[dsu_kklinks]]></item>
			<item id="description"><![CDATA[添加一个申请按钮的方法：
新建一个友情链接，地址为“plugin.php?id=dsu_kklinks:addlink”，其他内容您可以自定义，程序会自动转换成AJAX弹窗。]]></item>
			<item id="datatables"><![CDATA[]]></item>
			<item id="directory"><![CDATA[dsu_kklinks/]]></item>
			<item id="copyright"><![CDATA[kookxiang]]></item>
			<item id="version"><![CDATA[0.6]]></item>
			<item id="__modules">
				<item id="0">
					<item id="name"><![CDATA[hooks]]></item>
					<item id="menu"><![CDATA[]]></item>
					<item id="url"><![CDATA[]]></item>
					<item id="type"><![CDATA[11]]></item>
					<item id="adminid"><![CDATA[0]]></item>
					<item id="displayorder"><![CDATA[1]]></item>
				</item>
				<item id="1">
					<item id="name"><![CDATA[admincp]]></item>
					<item id="menu"><![CDATA[审核友情链接]]></item>
					<item id="url"><![CDATA[]]></item>
					<item id="type"><![CDATA[3]]></item>
					<item id="adminid"><![CDATA[0]]></item>
					<item id="displayorder"><![CDATA[0]]></item>
				</item>
				<item id="2">
					<item id="name"><![CDATA[links_check]]></item>
					<item id="menu"><![CDATA[检测友情链接]]></item>
					<item id="url"><![CDATA[]]></item>
					<item id="type"><![CDATA[3]]></item>
					<item id="adminid"><![CDATA[0]]></item>
					<item id="displayorder"><![CDATA[1]]></item>
				</item>
			</item>
		</item>
		<item id="Version"><![CDATA[X1.5]]></item>
		<item id="var">
			<item id="0">
				<item id="displayorder"><![CDATA[0]]></item>
				<item id="title"><![CDATA[友情链接申请板块]]></item>
				<item id="description"><![CDATA[必填！否则会导致出错！！]]></item>
				<item id="variable"><![CDATA[forum]]></item>
				<item id="type"><![CDATA[forum]]></item>
				<item id="value"><![CDATA[36]]></item>
				<item id="extra"><![CDATA[]]></item>
			</item>
			<item id="1">
				<item id="displayorder"><![CDATA[1]]></item>
				<item id="title"><![CDATA[友情链接申请板块禁止发布其他帖子]]></item>
				<item id="description"><![CDATA[]]></item>
				<item id="variable"><![CDATA[lockforum]]></item>
				<item id="type"><![CDATA[radio]]></item>
				<item id="value"><![CDATA[1]]></item>
				<item id="extra"><![CDATA[]]></item>
			</item>
			<item id="2">
				<item id="displayorder"><![CDATA[2]]></item>
				<item id="title"><![CDATA[申请须知]]></item>
				<item id="description"><![CDATA[]]></item>
				<item id="variable"><![CDATA[readme]]></item>
				<item id="type"><![CDATA[textarea]]></item>
				<item id="value"><![CDATA[测试~

测试~

测试~

测试~

测试~]]></item>
				<item id="extra"><![CDATA[]]></item>
			</item>
			<item id="3">
				<item id="displayorder"><![CDATA[5]]></item>
				<item id="title"><![CDATA[申请时是否检测对方链接状态]]></item>
				<item id="description"><![CDATA[]]></item>
				<item id="variable"><![CDATA[check_link]]></item>
				<item id="type"><![CDATA[radio]]></item>
				<item id="value"><![CDATA[1]]></item>
				<item id="extra"><![CDATA[]]></item>
			</item>
			<item id="4">
				<item id="displayorder"><![CDATA[4]]></item>
				<item id="title"><![CDATA[本站地址]]></item>
				<item id="description"><![CDATA[不用加www，例如feiba.net]]></item>
				<item id="variable"><![CDATA[dzurl]]></item>
				<item id="type"><![CDATA[text]]></item>
				<item id="value"><![CDATA[kookxiang.com]]></item>
				<item id="extra"><![CDATA[]]></item>
			</item>
			<item id="5">
				<item id="displayorder"><![CDATA[6]]></item>
				<item id="title"><![CDATA[黑名单网站]]></item>
				<item id="description"><![CDATA[在此列表中的网站禁止申请友情链接, 一行一个（域名）]]></item>
				<item id="variable"><![CDATA[blacklist]]></item>
				<item id="type"><![CDATA[textarea]]></item>
				<item id="value"><![CDATA[.ru
.tk]]></item>
				<item id="extra"><![CDATA[]]></item>
			</item>
			<item id="6">
				<item id="displayorder"><![CDATA[3]]></item>
				<item id="title"><![CDATA[申请须知强制阅读时间]]></item>
				<item id="description"><![CDATA[单位：秒，0为不强制阅读]]></item>
				<item id="variable"><![CDATA[countdown]]></item>
				<item id="type"><![CDATA[number]]></item>
				<item id="value"><![CDATA[10]]></item>
				<item id="extra"><![CDATA[]]></item>
			</item>
		</item>
		<item id="language">
			<item id="scriptlang">
				<item id="menu1"><![CDATA[网站名称]]></item>
				<item id="menu2"><![CDATA[网站地址]]></item>
				<item id="menu3"><![CDATA[网站Logo]]></item>
				<item id="menu4"><![CDATA[网站介绍]]></item>
				<item id="menu5"><![CDATA[其他信息]]></item>
				<item id="menu6"><![CDATA[管理操作]]></item>
				<item id="menu7"><![CDATA[对方状态]]></item>
				<item id="addlink"><![CDATA[申请友情链接]]></item>
				<item id="mod_link"><![CDATA[审核友情链接]]></item>
				<item id="mod_msg_error"><![CDATA[审核失败提示]]></item>
				<item id="mod_msg_succeed"><![CDATA[审核成功提示]]></item>
				<item id="del_succeed"><![CDATA[删除友情链接成功！]]></item>
				<item id="no_need"><![CDATA[没有需要审核的友情链接！]]></item>
				<item id="mod_no_need"><![CDATA[该友情链接已经审核！]]></item>
				<item id="action_succeed"><![CDATA[审核友情链接成功！]]></item>
				<item id="need_more"><![CDATA[表单填写不完整，请返回修改。]]></item>
				<item id="submit_succeed"><![CDATA[提交成功！请耐心等待审核]]></item>
				<item id="no_link"><![CDATA[请先在您的网站上放置我们的链接！]]></item>
				<item id="mod_msg_succeed_example"><![CDATA[恭喜，友情链接申请通过！]]></item>
				<item id="can_not_post"><![CDATA[请进入友情链接申请页面提交你的申请。]]></item>
				<item id="blacklisted"><![CDATA[您的网站在黑名单列表中，请与管理员联系！]]></item>
				<item id="mod_msg_error_example"><![CDATA[友情链接申请失败，管理员留言：]]></item>
				<item id="can_not_post_link"><![CDATA[<a href="plugin.php?id=dsu_kklinks:addlink" onclick="showWindow('dsu_kklinks', this.href)"><font color="red">单击这里</font>提交你的申请</a>]]></item>
				<item id="status_ok"><![CDATA[<img src="static/image/common/data_valid.gif" /> <font color="green"><b>有本站链接</b></font>]]></item>
				<item id="status_no"><![CDATA[<img src="static/image/common/data_invalid.gif" /> <font color="red"><b>没有本站链接</b></font>]]></item>
				<item id="status_not"><![CDATA[<img src="static/image/common/access_disallow.gif" /> 您的服务器不支持]]></item>
				<item id="action_del"><![CDATA[<a href="admin.php?{base_link}&delid={id}&formhash={formhash}" onclick="if(!confirm('确认删除？\n\n(此操作不可恢复，请谨慎操作！)')){return false;}">删除</a>]]></item>
				<item id="tips"><![CDATA[
<li>由于服务器带宽限制，检测速度<b>可能较慢</b>。</li>
<li>某些服务器偶尔会出现检测出错问题，<b>请您多试几次</b>。</li>
<li><b>请谨慎使用“删除”功能</b>！</li>]]></item>
				<item id="admin_action"><![CDATA[
<a href="admin.php?{base_link}&doadd=yes&id={id}">通过</a> | 
<a href="admin.php?{base_link}&dodel=yes&id={id}">拒绝</a>]]></item>
				<item id="message"><![CDATA[您好，我是 {sitename} 的站长，现在向贵站提出友情链接申请。
我们已经添加了您的链接，以下为我站的链接信息，请管理员审核。
[quote]网站名称：{sitename}
网站地址：[url]{url}[/url]
Logo地址：[url]{logo}[/url]
[img]{logo}[/img]
网站介绍：{introduce}
其他信息：{other_info}
[/quote]
请管理员审核，谢谢]]></item>
				<item id="jumping"><![CDATA[</h4><h4 class="infotitle1">正在处理数据，请稍候...</h4><img src="static/image/admincp/ajax_loader.gif" class="marginbot" />]]></item>
				<item id="error_exist1"><![CDATA[链接已经存在，请勿重复提交！]]></item>
				<item id="error_exist2"><![CDATA[您已经提交过了，请耐心等待审核！]]></item>
			</item>
			<item id="templatelang">
				<item id="links"><![CDATA[友情链接]]></item>
				<item id="title"><![CDATA[申请友情链接]]></item>
				<item id="readme"><![CDATA[友情链接申请须知]]></item>
				<item id="readme_back"><![CDATA[申请须知]]></item>
				<item id="link"><![CDATA[友情链接]]></item>
				<item id="addlink"><![CDATA[申请友情链接]]></item>
				<item id="cancle"><![CDATA[取消申请]]></item>
				<item id="addlink_form"><![CDATA[申请表单]]></item>
				<item id="sitename"><![CDATA[网站名称]]></item>
				<item id="url"><![CDATA[网站地址]]></item>
				<item id="logo"><![CDATA[Logo地址]]></item>
				<item id="introduce"><![CDATA[网站介绍]]></item>
				<item id="other_info"><![CDATA[其他信息]]></item>
				<item id="submit"><![CDATA[确认提交]]></item>
				<item id="continue"><![CDATA[确认继续]]></item>
			</item>
		</item>
		<item id="installfile"><![CDATA[install.php]]></item>
		<item id="uninstallfile"><![CDATA[stat.php]]></item>
		<item id="upgradefile"><![CDATA[stat.php]]></item>
		<item id="license"><![CDATA[[list]
[*]本插件版权归属插件作者,及其下属Discuz! Student Union团队所有.
[*]未经插件作者许可,任何人不得以任何形式在任何地方发布/转发原版以及其衍生的修改版.
[*][b]插件作者:[/b]kookxiang
[*][b]作品简介:[/b]友情连接发帖申请，带后台审核和链接检测功能.
[*]如有任何关于使用上的疑问,请至[url]http://www.dsu.cc/forum-44-1.html[/url]提出.
[*][color=Red]如果您愿意资助我们,请至[url]http://www.dsu.cc/donate.php[/url]对我们进行赞助.[/color]
[*]最后,感谢您使用我们的插件,也希望您能够给我们DSU团队提供更好的意见([url=http://www.dsu.cc/]请点击这里进入DSU团队官方站点[/url]).
[/list]]]></item>
	</item>
</root>