﻿<?xml version="1.0" encoding="ISO-8859-1"?>
<root>
	<item id="Title"><![CDATA[Discuz! Plugin]]></item>
	<item id="Version"><![CDATA[X1.5]]></item>
	<item id="Time"><![CDATA[2010-09-12 15:10]]></item>
	<item id="From"><![CDATA[KK 插件演示站 (http://demo.kookxiang.com/)]]></item>
	<item id="Data">
		<item id="plugin">
			<item id="available"><![CDATA[1]]></item>
			<item id="adminid"><![CDATA[1]]></item>
			<item id="name"><![CDATA[[DSU] 樓主熱帖]]></item>
			<item id="identifier"><![CDATA[dsu_hott]]></item>
			<item id="description"><![CDATA[]]></item>
			<item id="datatables"><![CDATA[]]></item>
			<item id="directory"><![CDATA[dsu_hott/]]></item>
			<item id="copyright"><![CDATA[kookxiang @ DSU.Team]]></item>
			<item id="version"><![CDATA[1.3]]></item>
			<item id="__modules">
				<item id="0">
					<item id="name"><![CDATA[hott]]></item>
					<item id="menu"><![CDATA[]]></item>
					<item id="url"><![CDATA[]]></item>
					<item id="type"><![CDATA[11]]></item>
					<item id="adminid"><![CDATA[0]]></item>
					<item id="displayorder"><![CDATA[0]]></item>
					<item id="navtitle"><![CDATA[]]></item>
					<item id="navicon"><![CDATA[]]></item>
					<item id="navsubname"><![CDATA[]]></item>
					<item id="navsuburl"><![CDATA[]]></item>
				</item>
				<item id="1">
					<item id="name"><![CDATA[setting1]]></item>
					<item id="menu"><![CDATA[第一欄設定]]></item>
					<item id="url"><![CDATA[]]></item>
					<item id="type"><![CDATA[3]]></item>
					<item id="adminid"><![CDATA[0]]></item>
					<item id="displayorder"><![CDATA[1]]></item>
					<item id="navtitle"><![CDATA[]]></item>
					<item id="navicon"><![CDATA[]]></item>
					<item id="navsubname"><![CDATA[]]></item>
					<item id="navsuburl"><![CDATA[]]></item>
				</item>
				<item id="2">
					<item id="name"><![CDATA[setting2]]></item>
					<item id="menu"><![CDATA[第二欄設定]]></item>
					<item id="url"><![CDATA[]]></item>
					<item id="type"><![CDATA[3]]></item>
					<item id="adminid"><![CDATA[0]]></item>
					<item id="displayorder"><![CDATA[2]]></item>
					<item id="navtitle"><![CDATA[]]></item>
					<item id="navicon"><![CDATA[]]></item>
					<item id="navsubname"><![CDATA[]]></item>
					<item id="navsuburl"><![CDATA[]]></item>
				</item>
				<item id="3">
					<item id="name"><![CDATA[style]]></item>
					<item id="menu"><![CDATA[主題設定]]></item>
					<item id="url"><![CDATA[]]></item>
					<item id="type"><![CDATA[3]]></item>
					<item id="adminid"><![CDATA[0]]></item>
					<item id="displayorder"><![CDATA[3]]></item>
					<item id="navtitle"><![CDATA[]]></item>
					<item id="navicon"><![CDATA[]]></item>
					<item id="navsubname"><![CDATA[]]></item>
					<item id="navsuburl"><![CDATA[]]></item>
				</item>
			</item>
		</item>
		<item id="version"><![CDATA[X1.5]]></item>
		<item id="var">
			<item id="0">
				<item id="displayorder"><![CDATA[3]]></item>
				<item id="title"><![CDATA[帖子數目限制]]></item>
				<item id="description"><![CDATA[]]></item>
				<item id="variable"><![CDATA[show_limit]]></item>
				<item id="type"><![CDATA[number]]></item>
				<item id="value"><![CDATA[6]]></item>
				<item id="extra"><![CDATA[]]></item>
			</item>
			<item id="1">
				<item id="displayorder"><![CDATA[1]]></item>
				<item id="title"><![CDATA[顯示「群組」中的帖子]]></item>
				<item id="description"><![CDATA[]]></item>
				<item id="variable"><![CDATA[show_group]]></item>
				<item id="type"><![CDATA[radio]]></item>
				<item id="value"><![CDATA[0]]></item>
				<item id="extra"><![CDATA[]]></item>
			</item>
			<item id="2">
				<item id="displayorder"><![CDATA[99]]></item>
				<item id="title"><![CDATA[不調用下列板塊的帖子]]></item>
				<item id="description"><![CDATA[]]></item>
				<item id="variable"><![CDATA[disallow_fid]]></item>
				<item id="type"><![CDATA[forums]]></item>
				<item id="extra"><![CDATA[]]></item>
				<item id="__value">
					<item id="0"><![CDATA[]]></item>
				</item>
			</item>
			<item id="3">
				<item id="displayorder"><![CDATA[4]]></item>
				<item id="title"><![CDATA[顯示以下天數內的新帖子]]></item>
				<item id="description"><![CDATA[0為不限制]]></item>
				<item id="variable"><![CDATA[date_limit]]></item>
				<item id="type"><![CDATA[number]]></item>
				<item id="value"><![CDATA[0]]></item>
				<item id="extra"><![CDATA[]]></item>
			</item>
			<item id="4">
				<item id="displayorder"><![CDATA[2]]></item>
				<item id="title"><![CDATA[新窗口打開帖子]]></item>
				<item id="description"><![CDATA[]]></item>
				<item id="variable"><![CDATA[new_window]]></item>
				<item id="type"><![CDATA[radio]]></item>
				<item id="value"><![CDATA[1]]></item>
				<item id="extra"><![CDATA[]]></item>
			</item>
			<item id="5">
				<item id="displayorder"><![CDATA[100]]></item>
				<item id="title"><![CDATA[關閉更新推送功能(慎用)]]></item>
				<item id="description"><![CDATA[更新提示僅創始人可見，關閉前請三思！]]></item>
				<item id="variable"><![CDATA[not_update]]></item>
				<item id="type"><![CDATA[radio]]></item>
				<item id="value"><![CDATA[0]]></item>
				<item id="extra"><![CDATA[]]></item>
			</item>
		</item>
		<item id="language">
			<item id="scriptlang">
				<item id="saved"><![CDATA[保存成功！]]></item>
				<item id="style_tips"><![CDATA[<li>主題文件請放在「source/plugin/dsu_hott/template」目錄中</li>
<li><b>請勿隨意刪除使用中的主題文件！</b></li>]]></item>
				<item id="style_header"><![CDATA[樓主熱帖 - 主題設定]]></item>
				<item id="style_setting"><![CDATA[請選擇一個主題]]></item>
				<item id="style_info"><![CDATA[當前主題信息]]></item>
				<item id="style_name"><![CDATA[主題名稱：]]></item>
				<item id="style_author"><![CDATA[主題作者：]]></item>
				<item id="style_readme"><![CDATA[主題介紹：]]></item>
				<item id="title"><![CDATA[模塊標題]]></item>
				<item id="only_lz"><![CDATA[只顯示樓主的帖子]]></item>
				<item id="orderby"><![CDATA[帖子排序方式]]></item>
				<item id="orderby_1"><![CDATA[[熱帖] 按 查看數 排列]]></item>
				<item id="orderby_2"><![CDATA[[熱帖] 按 回複數 排列]]></item>
				<item id="orderby_3"><![CDATA[[新帖] 按 發表時間 排列]]></item>
				<item id="orderby_4"><![CDATA[[排行] 按 「頂」 的次數 排列]]></item>
				<item id="orderby_5"><![CDATA[[排行] 按 用戶評分 排列]]></item>
				<item id="orderby_99"><![CDATA[[特殊] 最新回復]]></item>
				<item id="setting_header1"><![CDATA[樓主熱帖 - 第一欄設定]]></item>
				<item id="setting_header2"><![CDATA[樓主熱帖 - 第二欄設定]]></item>
			</item>
		</item>
		<item id="installfile"><![CDATA[stat.php]]></item>
		<item id="uninstallfile"><![CDATA[stat.php]]></item>
		<item id="upgradefile"><![CDATA[stat.php]]></item>
		<item id="license"><![CDATA[[list]
[*]本插件版權歸屬插件作者,及其下屬Discuz! Student Union團隊所有.
[*]未經插件作者許可,任何人不得以任何形式在任何地方發佈/轉發原版以及其衍生的修改版.
[*][b]插件作者:[/b]kookxiang
[*][b]作品簡介:[/b]在樓主貼下方顯示其他帖子
[*][b]發佈地址:[/b][url]http://www.dsu.cc/thread-303-1-1.html[/url]
[*]如有任何關於使用上的疑問,請至[url]http://www.dsu.cc/forum-44-1.html[/url]提出.
[*][color=Red]如果您願意資助我們,請至[url]http://www.dsu.cc/donate.php[/url]對我們進行贊助.[/color]
[*]最後,感謝您使用我們的插件,也希望您能夠給我們DSU團隊提供更好的意見([url=http://www.dsu.cc/]請點擊這裡進入DSU團隊官方站點[/url]).
[/list]
]]></item>
	</item>
</root>