﻿<?xml version="1.0" encoding="ISO-8859-1"?>
<root>
	<item id="Title"><![CDATA[Discuz! Plugin]]></item>
	<item id="Version"><![CDATA[X1.5]]></item>
	<item id="Time"><![CDATA[2010-09-12 15:10]]></item>
	<item id="From"><![CDATA[KK 插件演示站 (http://demo.kookxiang.com/)]]></item>
	<item id="Data">
		<item id="plugin">
			<item id="available"><![CDATA[1]]></item>
			<item id="adminid"><![CDATA[1]]></item>
			<item id="name"><![CDATA[[DSU] 楼主热帖]]></item>
			<item id="identifier"><![CDATA[dsu_hott]]></item>
			<item id="description"><![CDATA[]]></item>
			<item id="datatables"><![CDATA[]]></item>
			<item id="directory"><![CDATA[dsu_hott/]]></item>
			<item id="copyright"><![CDATA[kookxiang @ DSU.Team]]></item>
			<item id="version"><![CDATA[1.3]]></item>
			<item id="__modules">
				<item id="0">
					<item id="name"><![CDATA[hott]]></item>
					<item id="menu"><![CDATA[]]></item>
					<item id="url"><![CDATA[]]></item>
					<item id="type"><![CDATA[11]]></item>
					<item id="adminid"><![CDATA[0]]></item>
					<item id="displayorder"><![CDATA[0]]></item>
					<item id="navtitle"><![CDATA[]]></item>
					<item id="navicon"><![CDATA[]]></item>
					<item id="navsubname"><![CDATA[]]></item>
					<item id="navsuburl"><![CDATA[]]></item>
				</item>
				<item id="1">
					<item id="name"><![CDATA[setting1]]></item>
					<item id="menu"><![CDATA[第一栏设定]]></item>
					<item id="url"><![CDATA[]]></item>
					<item id="type"><![CDATA[3]]></item>
					<item id="adminid"><![CDATA[0]]></item>
					<item id="displayorder"><![CDATA[1]]></item>
					<item id="navtitle"><![CDATA[]]></item>
					<item id="navicon"><![CDATA[]]></item>
					<item id="navsubname"><![CDATA[]]></item>
					<item id="navsuburl"><![CDATA[]]></item>
				</item>
				<item id="2">
					<item id="name"><![CDATA[setting2]]></item>
					<item id="menu"><![CDATA[第二栏设定]]></item>
					<item id="url"><![CDATA[]]></item>
					<item id="type"><![CDATA[3]]></item>
					<item id="adminid"><![CDATA[0]]></item>
					<item id="displayorder"><![CDATA[2]]></item>
					<item id="navtitle"><![CDATA[]]></item>
					<item id="navicon"><![CDATA[]]></item>
					<item id="navsubname"><![CDATA[]]></item>
					<item id="navsuburl"><![CDATA[]]></item>
				</item>
				<item id="3">
					<item id="name"><![CDATA[style]]></item>
					<item id="menu"><![CDATA[主题设定]]></item>
					<item id="url"><![CDATA[]]></item>
					<item id="type"><![CDATA[3]]></item>
					<item id="adminid"><![CDATA[0]]></item>
					<item id="displayorder"><![CDATA[3]]></item>
					<item id="navtitle"><![CDATA[]]></item>
					<item id="navicon"><![CDATA[]]></item>
					<item id="navsubname"><![CDATA[]]></item>
					<item id="navsuburl"><![CDATA[]]></item>
				</item>
			</item>
		</item>
		<item id="version"><![CDATA[X1.5]]></item>
		<item id="var">
			<item id="0">
				<item id="displayorder"><![CDATA[3]]></item>
				<item id="title"><![CDATA[帖子数目限制]]></item>
				<item id="description"><![CDATA[]]></item>
				<item id="variable"><![CDATA[show_limit]]></item>
				<item id="type"><![CDATA[number]]></item>
				<item id="value"><![CDATA[6]]></item>
				<item id="extra"><![CDATA[]]></item>
			</item>
			<item id="1">
				<item id="displayorder"><![CDATA[1]]></item>
				<item id="title"><![CDATA[显示“群组”中的帖子]]></item>
				<item id="description"><![CDATA[]]></item>
				<item id="variable"><![CDATA[show_group]]></item>
				<item id="type"><![CDATA[radio]]></item>
				<item id="value"><![CDATA[0]]></item>
				<item id="extra"><![CDATA[]]></item>
			</item>
			<item id="2">
				<item id="displayorder"><![CDATA[99]]></item>
				<item id="title"><![CDATA[不调用下列板块的帖子]]></item>
				<item id="description"><![CDATA[]]></item>
				<item id="variable"><![CDATA[disallow_fid]]></item>
				<item id="type"><![CDATA[forums]]></item>
				<item id="extra"><![CDATA[]]></item>
				<item id="__value">
					<item id="0"><![CDATA[]]></item>
				</item>
			</item>
			<item id="3">
				<item id="displayorder"><![CDATA[4]]></item>
				<item id="title"><![CDATA[显示以下天数内的新帖子]]></item>
				<item id="description"><![CDATA[0为不限制]]></item>
				<item id="variable"><![CDATA[date_limit]]></item>
				<item id="type"><![CDATA[number]]></item>
				<item id="value"><![CDATA[0]]></item>
				<item id="extra"><![CDATA[]]></item>
			</item>
			<item id="4">
				<item id="displayorder"><![CDATA[2]]></item>
				<item id="title"><![CDATA[新窗口打开帖子]]></item>
				<item id="description"><![CDATA[]]></item>
				<item id="variable"><![CDATA[new_window]]></item>
				<item id="type"><![CDATA[radio]]></item>
				<item id="value"><![CDATA[1]]></item>
				<item id="extra"><![CDATA[]]></item>
			</item>
			<item id="5">
				<item id="displayorder"><![CDATA[100]]></item>
				<item id="title"><![CDATA[关闭更新推送功能(慎用)]]></item>
				<item id="description"><![CDATA[更新提示仅创始人可见，关闭前请三思！]]></item>
				<item id="variable"><![CDATA[not_update]]></item>
				<item id="type"><![CDATA[radio]]></item>
				<item id="value"><![CDATA[0]]></item>
				<item id="extra"><![CDATA[]]></item>
			</item>
		</item>
		<item id="language">
			<item id="scriptlang">
				<item id="saved"><![CDATA[保存成功！]]></item>
				<item id="style_tips"><![CDATA[<li>主题文件请放在“source/plugin/dsu_hott/template”目录中</li>
<li><b>请勿随意删除使用中的主题文件！</b></li>]]></item>
				<item id="style_header"><![CDATA[楼主热帖 - 主题设定]]></item>
				<item id="style_setting"><![CDATA[请选择一个主题]]></item>
				<item id="style_info"><![CDATA[当前主题信息]]></item>
				<item id="style_name"><![CDATA[主题名称：]]></item>
				<item id="style_author"><![CDATA[主题作者：]]></item>
				<item id="style_readme"><![CDATA[主题介绍：]]></item>
				<item id="title"><![CDATA[模块标题]]></item>
				<item id="only_lz"><![CDATA[只显示楼主的帖子]]></item>
				<item id="orderby"><![CDATA[帖子排序方式]]></item>
				<item id="orderby_1"><![CDATA[[热帖] 按 查看数 排列]]></item>
				<item id="orderby_2"><![CDATA[[热帖] 按 回复数 排列]]></item>
				<item id="orderby_3"><![CDATA[[新帖] 按 发表时间 排列]]></item>
				<item id="orderby_4"><![CDATA[[排行] 按 “顶” 的次数 排列]]></item>
				<item id="orderby_5"><![CDATA[[排行] 按 用户评分 排列]]></item>
				<item id="orderby_99"><![CDATA[[特殊] 最新回复]]></item>
				<item id="setting_header1"><![CDATA[楼主热帖 - 第一栏设定]]></item>
				<item id="setting_header2"><![CDATA[楼主热帖 - 第二栏设定]]></item>
			</item>
		</item>
		<item id="installfile"><![CDATA[stat.php]]></item>
		<item id="uninstallfile"><![CDATA[stat.php]]></item>
		<item id="upgradefile"><![CDATA[stat.php]]></item>
		<item id="license"><![CDATA[[list]
[*]本插件版权归属插件作者,及其下属Discuz! Student Union团队所有.
[*]未经插件作者许可,任何人不得以任何形式在任何地方发布/转发原版以及其衍生的修改版.
[*][b]插件作者:[/b]kookxiang
[*][b]作品简介:[/b]在楼主贴下方显示其他帖子
[*][b]发布地址:[/b][url]http://www.dsu.cc/thread-303-1-1.html[/url]
[*]如有任何关于使用上的疑问,请至[url]http://www.dsu.cc/forum-44-1.html[/url]提出.
[*][color=Red]如果您愿意资助我们,请至[url]http://www.dsu.cc/donate.php[/url]对我们进行赞助.[/color]
[*]最后,感谢您使用我们的插件,也希望您能够给我们DSU团队提供更好的意见([url=http://www.dsu.cc/]请点击这里进入DSU团队官方站点[/url]).
[/list]
]]></item>
	</item>
</root>